[
{
  "model": "pages.icon",
  "pk": 1,
  "fields": {
    "created_at": "2025-08-29T14:35:55.899Z",
    "updated_at": "2025-08-29T14:35:55.899Z",
    "name": "Иконка инстаграм",
    "file_name": "instagram.png",
    "css_class": "",
    "is_active": true
  }
},
{
  "model": "pages.icon",
  "pk": 2,
  "fields": {
    "created_at": "2025-08-29T14:37:00.156Z",
    "updated_at": "2025-08-29T14:37:00.156Z",
    "name": "Иконка телеграм",
    "file_name": "stash_telegram.png",
    "css_class": "",
    "is_active": true
  }
},
{
  "model": "pages.icon",
  "pk": 3,
  "fields": {
    "created_at": "2025-08-29T14:47:45.371Z",
    "updated_at": "2025-08-29T14:47:45.371Z",
    "name": "Главная фигура",
    "file_name": "hero/hero_forms_1.png",
    "css_class": "",
    "is_active": true
  }
},
{
  "model": "pages.icon",
  "pk": 4,
  "fields": {
    "created_at": "2025-08-29T14:50:14.872Z",
    "updated_at": "2025-08-29T14:50:14.872Z",
    "name": "Главная фигура планшет",
    "file_name": "hero/hero_forms_tablet_1.png",
    "css_class": "",
    "is_active": true
  }
},
{
  "model": "pages.icon",
  "pk": 5,
  "fields": {
    "created_at": "2025-08-29T14:52:02.460Z",
    "updated_at": "2025-08-29T14:52:02.460Z",
    "name": "Главная фигура (мобильник)",
    "file_name": "hero/hero_forms_mobile_1.png",
    "css_class": "",
    "is_active": true
  }
},
{
  "model": "pages.icon",
  "pk": 6,
  "fields": {
    "created_at": "2025-08-29T15:03:09.152Z",
    "updated_at": "2025-08-29T15:03:09.152Z",
    "name": "Кнопка_1",
    "file_name": "button/button_1.png",
    "css_class": "",
    "is_active": true
  }
},
{
  "model": "pages.icon",
  "pk": 7,
  "fields": {
    "created_at": "2025-08-29T15:04:43.839Z",
    "updated_at": "2025-08-29T15:04:43.839Z",
    "name": "Оставить заявку",
    "file_name": "button/button_4.png",
    "css_class": "",
    "is_active": true
  }
},
{
  "model": "pages.icon",
  "pk": 8,
  "fields": {
    "created_at": "2025-08-29T15:05:22.820Z",
    "updated_at": "2025-08-29T15:05:22.820Z",
    "name": "К принтеру",
    "file_name": "button/button_5.png",
    "css_class": "",
    "is_active": true
  }
},
{
  "model": "pages.icon",
  "pk": 9,
  "fields": {
    "created_at": "2025-08-29T15:08:06.431Z",
    "updated_at": "2025-08-29T15:08:06.431Z",
    "name": "Развернутое поле элемента",
    "file_name": "item/item_open.png",
    "css_class": "",
    "is_active": true
  }
},
{
  "model": "pages.icon",
  "pk": 10,
  "fields": {
    "created_at": "2025-08-29T15:08:54.447Z",
    "updated_at": "2025-08-29T15:08:54.447Z",
    "name": "Свернутое поле элемента",
    "file_name": "item/item_close.png",
    "css_class": "",
    "is_active": true
  }
},
{
  "model": "pages.icon",
  "pk": 11,
  "fields": {
    "created_at": "2025-08-29T15:11:57.720Z",
    "updated_at": "2025-08-29T15:11:57.720Z",
    "name": "Кнопка связаться",
    "file_name": "button/button_6.png",
    "css_class": "",
    "is_active": true
  }
},
{
  "model": "pages.icon",
  "pk": 12,
  "fields": {
    "created_at": "2025-08-29T15:14:18.560Z",
    "updated_at": "2025-08-29T15:14:18.560Z",
    "name": "Кнопка \"Перейти в блог\"",
    "file_name": "button/button_7.png",
    "css_class": "",
    "is_active": true
  }
},
{
  "model": "pages.icon",
  "pk": 13,
  "fields": {
    "created_at": "2025-08-29T15:18:03.697Z",
    "updated_at": "2025-08-29T15:18:03.697Z",
    "name": "Фото \"Внедрение 3D принтера\"",
    "file_name": "foto/foto_8.png",
    "css_class": "",
    "is_active": true
  }
},
{
  "model": "pages.icon",
  "pk": 14,
  "fields": {
    "created_at": "2025-08-29T15:20:31.817Z",
    "updated_at": "2025-08-29T15:20:31.817Z",
    "name": "Фото - Разработка оборудования под ключ",
    "file_name": "foto/foto_9.png",
    "css_class": "",
    "is_active": true
  }
},
{
  "model": "pages.icon",
  "pk": 15,
  "fields": {
    "created_at": "2025-08-29T15:22:35.384Z",
    "updated_at": "2025-08-29T15:22:35.384Z",
    "name": "Принтер CD400HT",
    "file_name": "printer/CD400HT.png",
    "css_class": "",
    "is_active": true
  }
},
{
  "model": "pages.icon",
  "pk": 16,
  "fields": {
    "created_at": "2025-08-29T15:23:21.141Z",
    "updated_at": "2025-08-29T15:23:21.141Z",
    "name": "Принтер CD400",
    "file_name": "printer/CD400.png",
    "css_class": "",
    "is_active": true
  }
},
{
  "model": "pages.icon",
  "pk": 17,
  "fields": {
    "created_at": "2025-08-29T15:24:06.502Z",
    "updated_at": "2025-08-29T15:24:06.502Z",
    "name": "Сушилка",
    "file_name": "printer/FILO.png",
    "css_class": "",
    "is_active": true
  }
},
{
  "model": "pages.pageblock",
  "pk": 1,
  "fields": {
    "created_at": "2025-08-27T13:58:52.451Z",
    "updated_at": "2025-08-27T13:58:52.451Z",
    "block_type": "hero",
    "title": "HUB42",
    "subtitle": "",
    "content": "",
    "is_active": true,
    "sort_order": 0
  }
},
{
  "model": "pages.pageblock",
  "pk": 2,
  "fields": {
    "created_at": "2025-08-27T14:02:17.955Z",
    "updated_at": "2025-08-27T14:02:17.955Z",
    "block_type": "printers_intro",
    "title": "Промышленные 3D принтеры",
    "subtitle": "",
    "content": "Принтеры  производят детали прямо у вас на производстве —\r\nбез логистических задержек и дефицита комплектующих",
    "is_active": true,
    "sort_order": 0
  }
},
{
  "model": "pages.pageblock",
  "pk": 3,
  "fields": {
    "created_at": "2025-08-27T14:15:55.233Z",
    "updated_at": "2025-08-27T14:15:55.233Z",
    "block_type": "advantages",
    "title": "Где 3D-печать решает задачи быстрее и дешевле",
    "subtitle": "УСКОРЯЕТ РАБОТУ ТАМБ, ГДЕ КЛАССИЧЕСКОЕ ПРОИЗВОДСТВО ТОРМОЗИТ",
    "content": "",
    "is_active": true,
    "sort_order": 0
  }
},
{
  "model": "pages.pageblock",
  "pk": 4,
  "fields": {
    "created_at": "2025-08-27T20:03:14.925Z",
    "updated_at": "2025-08-28T07:23:30.114Z",
    "block_type": "applications",
    "title": "Сферы применения",
    "subtitle": "Где уже работают принтеры",
    "content": "",
    "is_active": true,
    "sort_order": 0
  }
},
{
  "model": "pages.pageblock",
  "pk": 5,
  "fields": {
    "created_at": "2025-08-28T07:28:48.538Z",
    "updated_at": "2025-09-08T09:33:40.352Z",
    "block_type": "products",
    "title": "Выберите оптимальный вариант для своих  задач",
    "subtitle": "",
    "content": "",
    "is_active": true,
    "sort_order": 0
  }
},
{
  "model": "pages.pageblock",
  "pk": 6,
  "fields": {
    "created_at": "2025-08-28T07:49:41.780Z",
    "updated_at": "2025-08-28T08:02:16.811Z",
    "block_type": "company",
    "title": "О компании",
    "subtitle": "Компания HUB42",
    "content": "Дистрибутор 3D-сканеров, программного обеспечения, 3D-принтеров и расходных материалов ведущих мировых производителей. Наша команда из 20 экспертов, инженеров и технологов разрабатывает и внедряет уникальные 3D-решения на промышленных предприятиях, в исследовательских центрах, проектах малого и среднего бизнеса. Технологические навыки и опыт команды, знание мировых трендов индустрии и успешная практика разработки 3D- решений обеспечивают конкурентоспособность и высокую эффективность предприятий ключевых отраслей.",
    "is_active": true,
    "sort_order": 0
  }
},
{
  "model": "pages.pageblock",
  "pk": 8,
  "fields": {
    "created_at": "2025-08-28T09:54:46.477Z",
    "updated_at": "2025-08-28T09:54:46.477Z",
    "block_type": "services",
    "title": "Наши услуги",
    "subtitle": "",
    "content": "",
    "is_active": true,
    "sort_order": 0
  }
},
{
  "model": "pages.pageblock",
  "pk": 9,
  "fields": {
    "created_at": "2025-08-28T10:09:02.115Z",
    "updated_at": "2025-08-28T10:09:48.357Z",
    "block_type": "faq",
    "title": "Остались вопросы?",
    "subtitle": "Ответы тут",
    "content": "Эти пункты закрывают 90% вопросов, которые мы слышим на переговорах и отраслевых выставках; при необходимости готовы развернуть технические детали и финансовые расчеты под конкретный кейс.",
    "is_active": true,
    "sort_order": 0
  }
},
{
  "model": "pages.pageblock",
  "pk": 10,
  "fields": {
    "created_at": "2025-08-28T10:13:36.137Z",
    "updated_at": "2025-08-28T10:13:36.137Z",
    "block_type": "blog",
    "title": "Свежие публикации в нашем блоге",
    "subtitle": "",
    "content": "",
    "is_active": true,
    "sort_order": 0
  }
},
{
  "model": "pages.blockitem",
  "pk": 1,
  "fields": {
    "created_at": "2025-08-27T14:15:55.236Z",
    "updated_at": "2025-08-27T14:15:55.236Z",
    "parent_block": 3,
    "title": "",
    "content": "Быстрое прототипирование",
    "icon": null,
    "sort_order": 0
  }
},
{
  "model": "pages.blockitem",
  "pk": 2,
  "fields": {
    "created_at": "2025-08-27T14:15:55.238Z",
    "updated_at": "2025-08-27T14:15:55.238Z",
    "parent_block": 3,
    "title": "",
    "content": "Мелкосерийное производство",
    "icon": null,
    "sort_order": 0
  }
},
{
  "model": "pages.blockitem",
  "pk": 3,
  "fields": {
    "created_at": "2025-08-27T14:15:55.238Z",
    "updated_at": "2025-08-27T14:15:55.238Z",
    "parent_block": 3,
    "title": "",
    "content": "Производство оснастки, корпусов и нестандартных крепежей",
    "icon": null,
    "sort_order": 0
  }
},
{
  "model": "pages.blockitem",
  "pk": 4,
  "fields": {
    "created_at": "2025-08-27T14:15:55.238Z",
    "updated_at": "2025-08-27T14:15:55.238Z",
    "parent_block": 3,
    "title": "",
    "content": "Изготовление запчастей на месте",
    "icon": null,
    "sort_order": 0
  }
},
{
  "model": "pages.blockitem",
  "pk": 5,
  "fields": {
    "created_at": "2025-08-27T14:15:55.239Z",
    "updated_at": "2025-08-27T14:15:55.239Z",
    "parent_block": 3,
    "title": "",
    "content": "Ремонт и восстановление нестандартных деталей",
    "icon": null,
    "sort_order": 0
  }
},
{
  "model": "pages.blockitem",
  "pk": 6,
  "fields": {
    "created_at": "2025-08-27T14:15:55.239Z",
    "updated_at": "2025-08-27T14:15:55.239Z",
    "parent_block": 3,
    "title": "",
    "content": "Автотюнинг и кастомизация",
    "icon": null,
    "sort_order": 0
  }
},
{
  "model": "pages.blockitem",
  "pk": 7,
  "fields": {
    "created_at": "2025-08-27T20:03:14.942Z",
    "updated_at": "2025-08-27T20:03:14.942Z",
    "parent_block": 4,
    "title": "Космос",
    "content": "Кожухи, воздуховоды,  крепежи",
    "icon": null,
    "sort_order": 0
  }
},
{
  "model": "pages.blockitem",
  "pk": 8,
  "fields": {
    "created_at": "2025-08-28T07:23:30.119Z",
    "updated_at": "2025-08-28T07:23:30.119Z",
    "parent_block": 4,
    "title": "Нефтехимия",
    "content": "Механизмы, корпуса, учебные макеты",
    "icon": null,
    "sort_order": 0
  }
},
{
  "model": "pages.blockitem",
  "pk": 9,
  "fields": {
    "created_at": "2025-08-28T07:23:30.121Z",
    "updated_at": "2025-08-28T07:23:30.121Z",
    "parent_block": 4,
    "title": "Судостроение",
    "content": "Опоры. прокладки, мелкая фурнитура",
    "icon": null,
    "sort_order": 0
  }
},
{
  "model": "pages.blockitem",
  "pk": 10,
  "fields": {
    "created_at": "2025-08-28T07:23:30.122Z",
    "updated_at": "2025-08-28T07:23:30.122Z",
    "parent_block": 4,
    "title": "Электроника и приборостроение",
    "content": "Корпуса, кожухи, держатели плат",
    "icon": null,
    "sort_order": 0
  }
},
{
  "model": "pages.blockitem",
  "pk": 11,
  "fields": {
    "created_at": "2025-08-28T07:23:30.122Z",
    "updated_at": "2025-08-28T07:23:30.122Z",
    "parent_block": 4,
    "title": "Машиностроение",
    "content": "Кондукторы, редукторы, кронштейны",
    "icon": null,
    "sort_order": 0
  }
},
{
  "model": "pages.blockitem",
  "pk": 12,
  "fields": {
    "created_at": "2025-08-28T07:23:30.123Z",
    "updated_at": "2025-08-28T07:23:30.123Z",
    "parent_block": 4,
    "title": "Архитектура",
    "content": "Макеты, зданий, фасады, ландшафты",
    "icon": null,
    "sort_order": 0
  }
},
{
  "model": "pages.blockitem",
  "pk": 13,
  "fields": {
    "created_at": "2025-08-28T07:23:30.123Z",
    "updated_at": "2025-08-28T07:23:30.123Z",
    "parent_block": 4,
    "title": "Медицина",
    "content": "Ортезы, протезы, анатомические модели",
    "icon": null,
    "sort_order": 0
  }
},
{
  "model": "pages.blockitem",
  "pk": 14,
  "fields": {
    "created_at": "2025-08-28T07:23:30.124Z",
    "updated_at": "2025-08-28T07:23:30.124Z",
    "parent_block": 4,
    "title": "Железная дорога",
    "content": "Кондукторы, редукторы, кронштейны",
    "icon": null,
    "sort_order": 0
  }
},
{
  "model": "pages.blockitem",
  "pk": 15,
  "fields": {
    "created_at": "2025-08-28T07:23:30.124Z",
    "updated_at": "2025-08-28T07:23:30.124Z",
    "parent_block": 4,
    "title": "Образование и R&D",
    "content": "Конструктивы, шестерни, поддоны",
    "icon": null,
    "sort_order": 0
  }
},
{
  "model": "pages.blockitem",
  "pk": 16,
  "fields": {
    "created_at": "2025-08-28T07:49:41.782Z",
    "updated_at": "2025-08-28T07:49:41.782Z",
    "parent_block": 6,
    "title": "Наши клиенты и отзывы",
    "content": "Нам доверяют частные мастера, дизайнеры, архитектурные бюро, производственные компании, образовательные учреждения и инжиниринговые центры. Мы работаем с теми кто ценит точность, надежность и технологичность - от небольших студий до крупных промышленных предприятий.",
    "icon": null,
    "sort_order": 0
  }
},
{
  "model": "pages.blockitem",
  "pk": 17,
  "fields": {
    "created_at": "2025-08-28T07:54:10.964Z",
    "updated_at": "2025-08-28T07:54:10.964Z",
    "parent_block": 6,
    "title": "Наши компетенции",
    "content": "Мы специализируемся на подборе, продаже и технической поддержке  3D-принтеров для разных задач - от прототипирования до серийного производства. Консультируем по поводу оборудования, материалов и ПО, обучаем работе с технологиями FDM, SLA, SLS и другими. Помогаем интегрировать 3D-печать в бизнес-процессы под ключ.",
    "icon": null,
    "sort_order": 0
  }
},
{
  "model": "pages.blockitem",
  "pk": 18,
  "fields": {
    "created_at": "2025-08-28T07:59:25.837Z",
    "updated_at": "2025-08-28T07:59:25.837Z",
    "parent_block": 6,
    "title": "HUB42 в цифрах",
    "content": "За последние 3 года мы увеличили количество реализованных проектов на 200% процентов, расширили ассортимент оборудования в 3 раза и вышли на сотрудничество с 50+ отраслевыми партнерами по всей стране. Ежегодный рост клиентской базы - более 30%.",
    "icon": null,
    "sort_order": 0
  }
},
{
  "model": "pages.blockitem",
  "pk": 19,
  "fields": {
    "created_at": "2025-08-28T08:02:16.819Z",
    "updated_at": "2025-08-28T08:02:16.819Z",
    "parent_block": 6,
    "title": "Преимущества сотрудничества",
    "content": "За последние 3 года мы увеличили количество реализованных проектов на 200% процентов, расширили ассортимент оборудования в 3 раза и вышли на сотрудничество с 50+ отраслевыми партнерами по всей стране. Ежегодный рост клиентской базы - более 30%.",
    "icon": null,
    "sort_order": 0
  }
},
{
  "model": "pages.blockitem",
  "pk": 20,
  "fields": {
    "created_at": "2025-08-28T08:02:16.819Z",
    "updated_at": "2025-08-28T08:02:16.819Z",
    "parent_block": 6,
    "title": "Участие в мероприятиях",
    "content": "За последние 3 года мы увеличили количество реализованных проектов на 200% процентов, расширили ассортимент оборудования в 3 раза и вышли на сотрудничество с 50+ отраслевыми партнерами по всей стране. Ежегодный рост клиентской базы - более 30%.",
    "icon": null,
    "sort_order": 0
  }
},
{
  "model": "pages.blockitem",
  "pk": 21,
  "fields": {
    "created_at": "2025-08-28T08:02:16.819Z",
    "updated_at": "2025-08-28T08:02:16.819Z",
    "parent_block": 6,
    "title": "Контакты",
    "content": "За последние 3 года мы увеличили количество реализованных проектов на 200% процентов, расширили ассортимент оборудования в 3 раза и вышли на сотрудничество с 50+ отраслевыми партнерами по всей стране. Ежегодный рост клиентской базы - более 30%.",
    "icon": null,
    "sort_order": 0
  }
},
{
  "model": "pages.blockitem",
  "pk": 34,
  "fields": {
    "created_at": "2025-08-28T10:09:02.119Z",
    "updated_at": "2025-08-28T10:09:02.119Z",
    "parent_block": 9,
    "title": "Когда окупится принтер и как вы это считаете?",
    "content": "По опыту наших клиентов - 6-12 при замене токарки/литья на печать мелких партий. Мы бесплатно считаем ROI на наших деталях: достаточно выгрузить 3-5 типовых CAD-файлов - расчёт получите за 48 часов.",
    "icon": null,
    "sort_order": 0
  }
},
{
  "model": "pages.blockitem",
  "pk": 35,
  "fields": {
    "created_at": "2025-08-28T10:09:48.372Z",
    "updated_at": "2025-08-28T10:09:48.372Z",
    "parent_block": 9,
    "title": "Какие материалы реально печатает CD400?",
    "content": "",
    "icon": null,
    "sort_order": 0
  }
},
{
  "model": "pages.applicationarticle",
  "pk": 1,
  "fields": {
    "created_at": "2025-09-08T09:50:11.773Z",
    "updated_at": "2025-09-08T12:22:11.356Z",
    "title": "3D-ПЕЧАТЬ В АРХИТЕКТУРЕ: ПРОЕКТИРУЙ,  СОЗДАВАЙ, ПРЕЗЕНТУЙ - БЕЗ ОГРАНИЧЕНИЙ",
    "slug": "3d-pechat-v-arhitekture-proektiruj-sozdavaj-prezentuj-bez-ogranichenij",
    "preview": "Современные архитекторы всё чаще выходят за рамки цифрового моделирования. Благодаря FDM 3D-печати макеты и модели зданий, интерьеров, ландшафтов и фасадов теперь можно не только нарисовать, но и напечатать — точно, быстро и эффектно.",
    "body": "# Архитектура больше не ограничена бумагой\r\nСовременные архитекторы всё чаще выходят за рамки цифрового моделирования. Благодаря FDM 3D-печати макеты и модели зданий, интерьеров, ландшафтов и фасадов теперь можно не только нарисовать, но и напечатать — точно, быстро и эффектно.\r\n\r\n## Где используется FDM-печать в архитектуре\r\n**1. Архитектурные макеты**\r\nПечатают:\r\n- кварталы и жилые комплексы;\r\n- сечения зданий и этажей;\r\n- фасадные элементы и детали облицовки.\r\n\r\n**2. Ландшафтные модели**\r\nСоздаются:\r\n- модели рельефа, парковых зон, водоёмов;\r\n- объекты благоустройства и транспортной инфраструктуры;\r\n- системы освещения и уличной мебели.\r\n\r\n**3. Элементы отделки и декора**\r\nИспользуют FDM-печать для:\r\n- печати авторских панелей, барельефов;\r\n- изготовления нестандартных элементов интерьера;\r\n- быстрой кастомизации форм для гипса, бетона и т.д.\r\n\r\n## Преимущества FDM-печати для архитекторов\r\n- Визуализация в реальном 3D — эффектная презентация для клиентов, жюри или застройщика.\r\n- Гибкость форм — сложные поверхности, резные элементы, органическая геометрия.\r\n- Скорость — переход от эскиза к физическому макету за 1–2 дня.\r\n- Экономия — не нужно дорогое фрезерование или ручной труд.\r\n\r\n## Какие материалы применяются\r\n- PLA, PETG — лёгкие, экологичные, идеально для презентаций.\r\n- ASA, ABS — прочные, подходят для постоянных экспозиций.\r\n- TPU — для макетов с гибкими или динамичными частями (например, парки аттракционов).\r\n- Композиционные филаменты — для имитации бетона, дерева, камня.\r\n\r\n## Реальные примеры\r\n- Бюро Zaha Hadid печатают масштабные макеты фасадов с эффектной топологией.\r\n- Студенты архитектурных вузов делают проекты сразу в виде 3D-моделей.\r\n- Градостроительные компании используют 3D-печать для конкурсов, тендеров и общественных обсуждений.\r\n\r\n## Protype — 3D-принтер для архитектурных студий, вузов и бюро\r\nСоздан, чтобы воплощать идеи в точные формы:\r\n- Большой рабочий объём — печать зданий и городов в масштабе 1:100–1:500.\r\n- Две независимые головки — можно комбинировать материалы и цвета.\r\n- Интегрированный моноблок со слайсером — печать без стороннего ПО.\r\n- Фильтрация воздуха — безопасная работа в студии или классе.\r\n\r\n## Хотите впечатлить клиента физической моделью?\r\nОставьте заявку — протестируйте Protype в вашей архитектурной задаче.",
    "image": "",
    "is_published": true,
    "published_at": "2025-09-08T09:50:11.773Z",
    "sort_order": 0,
    "related_item": 12
  }
},
{
  "model": "pages.applicationarticle",
  "pk": 2,
  "fields": {
    "created_at": "2025-09-08T11:37:56.948Z",
    "updated_at": "2025-09-08T12:23:05.122Z",
    "title": "КАК 3D-ПЕЧАТЬ ТРАНСФОРМИРУЕТ МЕДИЦИНУ: ТЕХНОЛОГИИ FDM В ЗДРАВООХРАНЕНИИ",
    "slug": "kak-3d-pechat-transformiruet-medicinu-tehnologii-fdm-v-zdravoohranenii",
    "preview": "FDM 3D-печать (Fused Deposition Modeling) меняет подход к созданию медицинских изделий. От анатомических моделей до функциональных протезов — технологии позволяют быстро, точно и доступно создавать то, что раньше требовало недель и крупных инвестиций.",
    "body": "# НОВАЯ ЭРА ПЕРСОНАЛИЗИРОВАННОЙ МЕДИЦИНЫ  \r\n\r\nFDM 3D-печать (Fused Deposition Modeling) меняет подход к созданию медицинских изделий. От анатомических моделей до функциональных протезов — технологии позволяют быстро, точно и доступно создавать то, что раньше требовало недель и крупных инвестиций.\r\n\r\n# Где 3D-принтеры уже применяются\r\n## 1. Анатомическое моделирование\r\n- Врачи используют 3D-печатные копии органов и костей для:\r\n- планирования операций;\r\n- обучения студентов;\r\n- визуализации редких патологий.\r\n\r\n> Пример: нейрохирурги печатают модели черепа пациента перед сложными вмешательствами.\r\n\r\n## 2. Ортопедия и протезирование\r\nПечатают:\r\n- индивидуальные протезы конечностей;\r\n- ортезы и поддерживающие конструкции;\r\n- анатомически точные фиксаторы.\r\n- Протезы можно адаптировать под геометрию тела конкретного пациента за часы, а не недели.\r\n\r\n## 3. Хирургические инструменты и шаблоны\r\n3D-принтер позволяет создавать:\r\n- индивидуальные направляющие для сверления (drill guides);\r\n- держатели для инструментов;\r\n- стерилизуемые компоненты.\r\n\r\n# Какие материалы используются в медицине\r\n- PETG, PLA, ABS — для визуализационных моделей.\r\n- TPU — для гибких ортопедических элементов.\r\n- PC, Nylon, CF-композиты — для прочных и термостойких изделий.\r\n- PEEK (в условиях стерилизации и био-совместимости).\r\n\r\n# Преимущества FDM в медицинской практике\r\n- Снижение затрат на подготовку к операциям\r\n- Скорость создания индивидуальных решений\r\n- Улучшение коммуникации между врачом и пациентом\r\n- Инструмент для практического обучения\r\n\r\n# Безопасно ли использовать FDM-принтер в клинике?\r\nСовременные системы оснащаются:\r\n- фильтрацией воздуха (HEPA/Carbon) — для защиты персонала;\r\n- закрытыми камерами — чтобы обеспечить стабильность материалов;\r\n- гибким ПО и автоматикой — что упрощает работу без глубокой технической подготовки.\r\n\r\n# Protype: промышленный FDM-принтер, готовый к медицине\r\nНаша разработка создавалась с учётом задач здравоохранения:\r\n- Активная термокамера — для стабильной печати моделей органов и костей.\r\n- Фильтрация воздуха — безопасна для использования в лабораториях и офисах.\r\n- Две независимые головки — для сложных многоцветных или комбинированных моделей.\r\n- Автосмена материалов — удобно при печати комплектов.\r\n\r\n# Хотите протестировать на своих задачах?\r\nОставьте заявку на пробный период — мы всё установим и настроим, чтобы вы могли увидеть результат в реальных условиях.",
    "image": "",
    "is_published": true,
    "published_at": "2025-09-08T11:37:56.947Z",
    "sort_order": 0,
    "related_item": 13
  }
},
{
  "model": "pages.service",
  "pk": 1,
  "fields": {
    "created_at": "2025-08-28T09:48:44.037Z",
    "updated_at": "2025-09-08T09:38:07.273Z",
    "service_type": "implementation",
    "title": "",
    "sort_order": 0
  }
},
{
  "model": "pages.service",
  "pk": 2,
  "fields": {
    "created_at": "2025-08-28T09:54:14.807Z",
    "updated_at": "2025-08-28T09:54:14.807Z",
    "service_type": "custom_equipment",
    "title": "",
    "sort_order": 0
  }
},
{
  "model": "pages.serviceroadmapitem",
  "pk": 1,
  "fields": {
    "created_at": "2025-08-28T09:48:44.041Z",
    "updated_at": "2025-08-28T09:48:44.041Z",
    "service": 1,
    "text": "Выезд специалиста",
    "sort_order": 0
  }
},
{
  "model": "pages.serviceroadmapitem",
  "pk": 2,
  "fields": {
    "created_at": "2025-08-28T09:48:44.042Z",
    "updated_at": "2025-08-28T09:48:44.042Z",
    "service": 1,
    "text": "Анализ ваших потребностей",
    "sort_order": 0
  }
},
{
  "model": "pages.serviceroadmapitem",
  "pk": 3,
  "fields": {
    "created_at": "2025-08-28T09:48:44.043Z",
    "updated_at": "2025-08-28T09:48:44.043Z",
    "service": 1,
    "text": "Расчёт окупаемости",
    "sort_order": 0
  }
},
{
  "model": "pages.serviceroadmapitem",
  "pk": 4,
  "fields": {
    "created_at": "2025-08-28T09:48:44.043Z",
    "updated_at": "2025-08-28T09:48:44.043Z",
    "service": 1,
    "text": "Подбор оборудования и расходных материалов",
    "sort_order": 0
  }
},
{
  "model": "pages.serviceroadmapitem",
  "pk": 5,
  "fields": {
    "created_at": "2025-08-28T09:48:44.043Z",
    "updated_at": "2025-08-28T09:48:44.043Z",
    "service": 1,
    "text": "Интеграция в процессы",
    "sort_order": 0
  }
},
{
  "model": "pages.serviceroadmapitem",
  "pk": 6,
  "fields": {
    "created_at": "2025-08-28T09:48:44.044Z",
    "updated_at": "2025-08-28T09:48:44.044Z",
    "service": 1,
    "text": "Поддержка и сервис",
    "sort_order": 0
  }
},
{
  "model": "pages.serviceroadmapitem",
  "pk": 7,
  "fields": {
    "created_at": "2025-08-28T09:54:14.811Z",
    "updated_at": "2025-08-28T09:54:14.811Z",
    "service": 2,
    "text": "Выезд специалиста",
    "sort_order": 0
  }
},
{
  "model": "pages.serviceroadmapitem",
  "pk": 8,
  "fields": {
    "created_at": "2025-08-28T09:54:14.814Z",
    "updated_at": "2025-08-28T09:54:14.814Z",
    "service": 2,
    "text": "Анализ ваших потребностей",
    "sort_order": 0
  }
},
{
  "model": "pages.serviceroadmapitem",
  "pk": 9,
  "fields": {
    "created_at": "2025-08-28T09:54:14.814Z",
    "updated_at": "2025-08-28T09:54:14.814Z",
    "service": 2,
    "text": "Расчет окупаемости",
    "sort_order": 0
  }
},
{
  "model": "pages.serviceroadmapitem",
  "pk": 10,
  "fields": {
    "created_at": "2025-08-28T09:54:14.814Z",
    "updated_at": "2025-08-28T09:54:14.814Z",
    "service": 2,
    "text": "Подбор оборудования и расходных материалов",
    "sort_order": 0
  }
},
{
  "model": "pages.serviceroadmapitem",
  "pk": 11,
  "fields": {
    "created_at": "2025-08-28T09:54:14.815Z",
    "updated_at": "2025-08-28T09:54:14.815Z",
    "service": 2,
    "text": "Интеграция в процессы",
    "sort_order": 0
  }
},
{
  "model": "pages.serviceroadmapitem",
  "pk": 12,
  "fields": {
    "created_at": "2025-08-28T09:54:14.816Z",
    "updated_at": "2025-08-28T09:54:14.816Z",
    "service": 2,
    "text": "Поддержка и сервис",
    "sort_order": 0
  }
},
{
  "model": "pages.serviceofferitem",
  "pk": 1,
  "fields": {
    "created_at": "2025-08-28T09:48:44.044Z",
    "updated_at": "2025-08-28T09:48:44.044Z",
    "service": 1,
    "text": "Подбор оптимального оборудования",
    "sort_order": 0
  }
},
{
  "model": "pages.serviceofferitem",
  "pk": 2,
  "fields": {
    "created_at": "2025-08-28T09:48:44.044Z",
    "updated_at": "2025-08-28T09:48:44.044Z",
    "service": 1,
    "text": "Аудит текущего производства",
    "sort_order": 0
  }
},
{
  "model": "pages.serviceofferitem",
  "pk": 3,
  "fields": {
    "created_at": "2025-08-28T09:48:44.044Z",
    "updated_at": "2025-08-28T09:48:44.044Z",
    "service": 1,
    "text": "Настройка обучение и сопровождение",
    "sort_order": 0
  }
},
{
  "model": "pages.serviceofferitem",
  "pk": 4,
  "fields": {
    "created_at": "2025-08-28T09:54:14.816Z",
    "updated_at": "2025-08-28T09:54:14.817Z",
    "service": 2,
    "text": "Подбор оптимального оборудования",
    "sort_order": 0
  }
},
{
  "model": "pages.serviceofferitem",
  "pk": 5,
  "fields": {
    "created_at": "2025-08-28T09:54:14.817Z",
    "updated_at": "2025-08-28T09:54:14.817Z",
    "service": 2,
    "text": "Аудит текущего производства",
    "sort_order": 0
  }
},
{
  "model": "pages.serviceofferitem",
  "pk": 6,
  "fields": {
    "created_at": "2025-08-28T09:54:14.818Z",
    "updated_at": "2025-08-28T09:54:14.818Z",
    "service": 2,
    "text": "Настройка обучения и сопровождения",
    "sort_order": 0
  }
},
{
  "model": "equipment.category",
  "pk": 2,
  "fields": {
    "created_at": "2025-09-08T20:42:30.673Z",
    "updated_at": "2025-09-08T20:42:30.673Z",
    "name": "Принтеры",
    "slug": "printery"
  }
},
{
  "model": "equipment.category",
  "pk": 3,
  "fields": {
    "created_at": "2025-09-08T20:42:51.130Z",
    "updated_at": "2025-09-08T20:42:51.130Z",
    "name": "Сушильные шкафы",
    "slug": "sushilnye-shkafy"
  }
},
{
  "model": "equipment.product",
  "pk": 1,
  "fields": {
    "created_at": "2025-09-08T20:55:34.866Z",
    "updated_at": "2025-09-08T21:02:42.650Z",
    "category": 2,
    "name": "CD400",
    "slug": "cd400",
    "tagline": "Принтер для серийной печати композитами",
    "description": "ABC, PET-G, PA-6, PA-11, PA-66, PA-12/PA-CF, PC-ABC, TPU, CARBEX, и любые другие инженерные термопласты. \r\n\r\nАктивная термокамера до 90 °С  позволяет стабильно печатать детали больших габаритов",
    "image": "equipment/CD400.png",
    "is_published": true,
    "volume_construction": "400 x 400 x 400 мм",
    "extruders_count": "2 независимых экструдера IDEX (до 320 °C)",
    "bed_max_temp": 150,
    "layer_thickness": "0,15 - 0,75 мм",
    "filament_diameter": "0,3 - 1,2 мм (0,4 мм в комплекте)",
    "print_speed": "до 300 мм/с",
    "positioning_accuracy": "5m / 2m",
    "surface_of_site": "Закаленное стекло",
    "control": "Сенсорный экран 22 `` , LAN, WiFi",
    "software": "ProtypeOS",
    "dimensions": "1900 x 770 x 920 мм",
    "weight": "380 кг",
    "energy_consumption": "4500 Вт макс",
    "materials": "PLA, ABS, ABS-CF, HIPS, TPU, PET-G, PA-6, PA-11, PA-66, PA-12, PA-CF, PC-ABS, TPU, CARBEX, ULTRAN",
    "guarantee": "12 месяцев",
    "power_supply": "220 В ± 9 %, 50 Гц",
    "additionally": "Автовыравнивание стола; датчик филамента; автоматическая смена филамента; Камера; Автоматическая чистка сопла;",
    "price": 100000
  }
},
{
  "model": "equipment.product",
  "pk": 2,
  "fields": {
    "created_at": "2025-09-08T21:33:54.160Z",
    "updated_at": "2025-09-08T21:33:54.160Z",
    "category": 2,
    "name": "Protype CD400HT",
    "slug": "protype-cd400ht",
    "tagline": "Принтер для серийной печати высокотемпературными композитами",
    "description": "PEEK, PEKK, Ultem 9085/1010, ABS, PET-G, PA-6, PA-11, PA-66, PA-12/PA-CF, PC-ABS, TPU, CARBEX, и любые другие инженерные термопласты. \r\n\r\nАктивная термокамера до 150°C позволяет стабильно печатать детали больших габаритов.",
    "image": "equipment/CD400HT.png",
    "is_published": true,
    "volume_construction": "350 × 350 × 400 мм",
    "extruders_count": "2 независимых экструдера IDEX (до 550 °C)",
    "bed_max_temp": 250,
    "layer_thickness": "0,05 – 0,75 мм",
    "filament_diameter": "0,3 – 1,2 мм (0,4 мм в комплекте",
    "print_speed": "до 300 мм/с",
    "positioning_accuracy": "5 µm / 2 µm",
    "surface_of_site": "Закаленное стекло",
    "control": "Сенсорный экран 22″, LAN, Wi‑Fi",
    "software": "ProtypeOS",
    "dimensions": "1 900 × 770 × 920 мм",
    "weight": "380 кг",
    "energy_consumption": "4500Вт макс.",
    "materials": "PLA, ABS, ABS-CF, HIPS, TPU, PET-G, PA-6, PA-11, PA-66, PA-12, PA-CF, PC-ABS, TPU, CARBEX, ULTRAN, PEEK, PEKK, ULTEM",
    "guarantee": "12 месяцев",
    "power_supply": "220 В ± 9 %, 50 Гц, 4 500 Вт Макс.",
    "additionally": "Автовыравнивание стола; датчик филамента; автоматическая смена филамента; Камера; Автоматическая чистка сопла;",
    "price": 120000
  }
},
{
  "model": "equipment.dryer",
  "pk": 1,
  "fields": {
    "created_at": "2025-09-08T21:40:11.103Z",
    "updated_at": "2025-09-08T21:42:56.110Z",
    "category": 3,
    "name": "Filo",
    "slug": "filo",
    "short_desc": "Индустриальный сушильный шкаф филамента",
    "description": "Промышленное решение для хранения и подготовки инженерного филамента. Вмещает до 12 катушек и поддерживает стабильную температуру до 100 °C с активной конвекцией воздуха.\r\n\r\nОбеспечивает сухость материала, предотвращает пузырение и деформации при печати. Может одновременно обслуживать до 3-х принтеров — для непрерывной, стабильной печати без потери качества.",
    "image": "dryers/FILO.png",
    "capacity_spools": 12,
    "purpose": "Подходит для непрерывного производства и ферм с несколькими принтерами",
    "heating_type": "Подходит для непрерывного производства и ферм с несколькими принтерами",
    "humidity_and_temperature": "Стабильная влажность до 0.5–1%, температура до 100 °C",
    "noise_level": "Менее 60 дБ",
    "integration": "Совместимость с ProType, подключение до 3 CD400 или CD400HT",
    "compressed_air": "Не требуется",
    "weight": "310 кг",
    "control": "Сенсорный экран 22″, LAN, Wi‑Fi",
    "dimensions": "1150 × 800 × 1950 мм",
    "power_consumption": "3 кВт",
    "warranty": "12 месяцев",
    "is_published": true,
    "sort_order": 0
  }
},
{
  "model": "equipment.productimage",
  "pk": 1,
  "fields": {
    "created_at": "2025-09-08T21:02:42.652Z",
    "updated_at": "2025-09-08T21:02:42.652Z",
    "product": 1,
    "image": "equipment/gallery/CD400.png",
    "alt": "",
    "sort_order": 0
  }
},
{
  "model": "equipment.productimage",
  "pk": 2,
  "fields": {
    "created_at": "2025-09-08T21:33:54.166Z",
    "updated_at": "2025-09-08T21:33:54.166Z",
    "product": 2,
    "image": "equipment/gallery/CD400HT.png",
    "alt": "",
    "sort_order": 0
  }
},
{
  "model": "blog.post",
  "pk": 1,
  "fields": {
    "created_at": "2025-08-19T20:50:16.911Z",
    "updated_at": "2025-08-19T21:01:00.891Z",
    "title": "Принтер",
    "slug": "printer",
    "preview": "«Новый 3D-принтер HUB42-X1 открывает эру быстрой и недорогой индустриальной печати. Узнайте, как он справляется с алюминиевыми сплавами и какие отрасли уже экономят миллионы.»",
    "body": "Принтер HUB42 - X1",
    "status": "published",
    "published_at": "2025-08-19T20:47:55Z",
    "meta_description": "Обзор нового 3D-принтера HUB42-X1: скорость 200 мм/с, точность ±0.05 мм, цена от 250 000 ₽. Подробности внутри!"
  }
},
{
  "model": "requests.leadsource",
  "pk": 1,
  "fields": {
    "name": "Соцсети"
  }
},
{
  "model": "requests.leadsource",
  "pk": 2,
  "fields": {
    "name": "От друга"
  }
},
{
  "model": "requests.leadsource",
  "pk": 3,
  "fields": {
    "name": "Реклама"
  }
},
{
  "model": "requests.leadsource",
  "pk": 4,
  "fields": {
    "name": "Радио"
  }
}
]
