[
{
  "model": "pages.icon",
  "pk": 1,
  "fields": {
    "created_at": "2025-08-29T14:35:55.899Z",
    "updated_at": "2025-08-29T14:35:55.899Z",
    "name": "Иконка инстаграм",
    "file_name": "instagram.png",
    "css_class": "",
    "is_active": true,
    "is_system": true
  }
},
{
  "model": "pages.icon",
  "pk": 2,
  "fields": {
    "created_at": "2025-08-29T14:37:00.156Z",
    "updated_at": "2025-08-29T14:37:00.156Z",
    "name": "Иконка телеграм",
    "file_name": "stash_telegram.png",
    "css_class": "",
    "is_active": true,
    "is_system": true
  }
},
{
  "model": "pages.icon",
  "pk": 3,
  "fields": {
    "created_at": "2025-08-29T14:47:45.371Z",
    "updated_at": "2025-08-29T14:47:45.371Z",
    "name": "Главная фигура",
    "file_name": "hero/hero_forms_1.png",
    "css_class": "",
    "is_active": true,
    "is_system": true
  }
},
{
  "model": "pages.icon",
  "pk": 4,
  "fields": {
    "created_at": "2025-08-29T14:50:14.872Z",
    "updated_at": "2025-08-29T14:50:14.872Z",
    "name": "Главная фигура планшет",
    "file_name": "hero/hero_forms_tablet_1.png",
    "css_class": "",
    "is_active": true,
    "is_system": true
  }
},
{
  "model": "pages.icon",
  "pk": 5,
  "fields": {
    "created_at": "2025-08-29T14:52:02.460Z",
    "updated_at": "2025-08-29T14:52:02.460Z",
    "name": "Главная фигура (мобильник)",
    "file_name": "hero/hero_forms_mobile_1.png",
    "css_class": "",
    "is_active": true,
    "is_system": true
  }
},
{
  "model": "pages.icon",
  "pk": 6,
  "fields": {
    "created_at": "2025-08-29T15:03:09.152Z",
    "updated_at": "2025-08-29T15:03:09.152Z",
    "name": "Кнопка_1",
    "file_name": "button/button_1.png",
    "css_class": "",
    "is_active": true,
    "is_system": true
  }
},
{
  "model": "pages.icon",
  "pk": 7,
  "fields": {
    "created_at": "2025-08-29T15:04:43.839Z",
    "updated_at": "2025-08-29T15:04:43.839Z",
    "name": "Оставить заявку",
    "file_name": "button/button_4.png",
    "css_class": "",
    "is_active": true,
    "is_system": true
  }
},
{
  "model": "pages.icon",
  "pk": 8,
  "fields": {
    "created_at": "2025-08-29T15:05:22.820Z",
    "updated_at": "2025-08-29T15:05:22.820Z",
    "name": "К принтеру",
    "file_name": "button/button_5.png",
    "css_class": "",
    "is_active": true,
    "is_system": true
  }
},
{
  "model": "pages.icon",
  "pk": 9,
  "fields": {
    "created_at": "2025-08-29T15:08:06.431Z",
    "updated_at": "2025-08-29T15:08:06.431Z",
    "name": "Развернутое поле элемента",
    "file_name": "item/item_open.png",
    "css_class": "",
    "is_active": true,
    "is_system": true
  }
},
{
  "model": "pages.icon",
  "pk": 10,
  "fields": {
    "created_at": "2025-08-29T15:08:54.447Z",
    "updated_at": "2025-08-29T15:08:54.447Z",
    "name": "Свернутое поле элемента",
    "file_name": "item/item_close.png",
    "css_class": "",
    "is_active": true,
    "is_system": true
  }
},
{
  "model": "pages.icon",
  "pk": 11,
  "fields": {
    "created_at": "2025-08-29T15:11:57.720Z",
    "updated_at": "2025-08-29T15:11:57.720Z",
    "name": "Кнопка связаться",
    "file_name": "button/button_6.png",
    "css_class": "",
    "is_active": true,
    "is_system": true
  }
},
{
  "model": "pages.icon",
  "pk": 12,
  "fields": {
    "created_at": "2025-08-29T15:14:18.560Z",
    "updated_at": "2025-08-29T15:14:18.560Z",
    "name": "Кнопка \"Перейти в блог\"",
    "file_name": "button/button_7.png",
    "css_class": "",
    "is_active": true,
    "is_system": true
  }
},
{
  "model": "pages.icon",
  "pk": 13,
  "fields": {
    "created_at": "2025-08-29T15:18:03.697Z",
    "updated_at": "2025-08-29T15:18:03.697Z",
    "name": "Фото \"Внедрение 3D принтера\"",
    "file_name": "foto/foto_8.png",
    "css_class": "",
    "is_active": true,
    "is_system": true
  }
},
{
  "model": "pages.icon",
  "pk": 14,
  "fields": {
    "created_at": "2025-08-29T15:20:31.817Z",
    "updated_at": "2025-08-29T15:20:31.817Z",
    "name": "Фото - Разработка оборудования под ключ",
    "file_name": "foto/foto_9.png",
    "css_class": "",
    "is_active": true,
    "is_system": true
  }
},
{
  "model": "pages.icon",
  "pk": 15,
  "fields": {
    "created_at": "2025-08-29T15:22:35.384Z",
    "updated_at": "2025-08-29T15:22:35.384Z",
    "name": "Принтер CD400HT",
    "file_name": "printer/CD400HT.png",
    "css_class": "",
    "is_active": true,
    "is_system": true
  }
},
{
  "model": "pages.icon",
  "pk": 16,
  "fields": {
    "created_at": "2025-08-29T15:23:21.141Z",
    "updated_at": "2025-08-29T15:23:21.141Z",
    "name": "Принтер CD400",
    "file_name": "printer/CD400.png",
    "css_class": "",
    "is_active": true,
    "is_system": true
  }
},
{
  "model": "pages.icon",
  "pk": 17,
  "fields": {
    "created_at": "2025-08-29T15:24:06.502Z",
    "updated_at": "2025-08-29T15:24:06.502Z",
    "name": "Сушилка",
    "file_name": "printer/FILO.png",
    "css_class": "",
    "is_active": true,
    "is_system": true
  }
},
{
  "model": "pages.icon",
  "pk": 18,
  "fields": {
    "created_at": "2025-10-06T14:18:53.306Z",
    "updated_at": "2025-10-06T14:18:53.306Z",
    "name": "Фигура_1",
    "file_name": "figura_1.png",
    "css_class": "",
    "is_active": true,
    "is_system": true
  }
},
{
  "model": "pages.icon",
  "pk": 19,
  "fields": {
    "created_at": "2025-10-06T19:01:35.492Z",
    "updated_at": "2025-10-06T19:01:35.492Z",
    "name": "Фигура_2",
    "file_name": "figura_2_2.png",
    "css_class": "",
    "is_active": true,
    "is_system": true
  }
},
{
  "model": "pages.icon",
  "pk": 20,
  "fields": {
    "created_at": "2025-10-06T19:02:36.745Z",
    "updated_at": "2025-10-06T19:02:36.745Z",
    "name": "Фигура_3",
    "file_name": "figura_3.png",
    "css_class": "",
    "is_active": true,
    "is_system": true
  }
},
{
  "model": "pages.icon",
  "pk": 22,
  "fields": {
    "created_at": "2025-10-15T19:21:36.713Z",
    "updated_at": "2025-10-15T19:21:36.713Z",
    "name": "Левая фигура для блока оставить заявку",
    "file_name": "figura_4.png",
    "css_class": "",
    "is_active": true,
    "is_system": false
  }
},
{
  "model": "pages.icon",
  "pk": 23,
  "fields": {
    "created_at": "2025-10-15T19:23:02.453Z",
    "updated_at": "2025-10-15T19:23:02.453Z",
    "name": "Правая фигура для блока оставить заявку",
    "file_name": "figura_5.png",
    "css_class": "",
    "is_active": true,
    "is_system": false
  }
},
{
  "model": "pages.pageblock",
  "pk": 1,
  "fields": {
    "created_at": "2025-08-27T13:58:52.451Z",
    "updated_at": "2025-08-27T13:58:52.451Z",
    "block_type": "hero",
    "title": "HUB42",
    "subtitle": "",
    "content": "",
    "is_active": true,
    "sort_order": 0,
    "is_system": true
  }
},
{
  "model": "pages.pageblock",
  "pk": 2,
  "fields": {
    "created_at": "2025-08-27T14:02:17.955Z",
    "updated_at": "2025-08-27T14:02:17.955Z",
    "block_type": "printers_intro",
    "title": "Промышленные 3D принтеры",
    "subtitle": "",
    "content": "Принтеры  производят детали прямо у вас на производстве —\r\nбез логистических задержек и дефицита комплектующих",
    "is_active": true,
    "sort_order": 0,
    "is_system": true
  }
},
{
  "model": "pages.pageblock",
  "pk": 3,
  "fields": {
    "created_at": "2025-08-27T14:15:55.233Z",
    "updated_at": "2025-10-28T07:32:17.850Z",
    "block_type": "advantages",
    "title": "Где 3D-печать решает задачи быстрее и дешевле",
    "subtitle": "УСКОРЯЕТ РАБОТУ ТАМ, ГДЕ КЛАССИЧЕСКОЕ ПРОИЗВОДСТВО ТОРМОЗИТ",
    "content": "",
    "is_active": true,
    "sort_order": 0,
    "is_system": true
  }
},
{
  "model": "pages.pageblock",
  "pk": 4,
  "fields": {
    "created_at": "2025-08-27T20:03:14.925Z",
    "updated_at": "2025-10-28T11:43:55.890Z",
    "block_type": "applications",
    "title": "Сферы применения",
    "subtitle": "Где уже работают принтеры",
    "content": "",
    "is_active": true,
    "sort_order": 0,
    "is_system": true
  }
},
{
  "model": "pages.pageblock",
  "pk": 5,
  "fields": {
    "created_at": "2025-08-28T07:28:48.538Z",
    "updated_at": "2025-10-10T20:29:51.383Z",
    "block_type": "products",
    "title": "Продукция",
    "subtitle": "Выберите оптимальный вариант для своих  задач",
    "content": "",
    "is_active": true,
    "sort_order": 0,
    "is_system": true
  }
},
{
  "model": "pages.pageblock",
  "pk": 6,
  "fields": {
    "created_at": "2025-08-28T07:49:41.780Z",
    "updated_at": "2025-10-28T11:18:30.870Z",
    "block_type": "company",
    "title": "О компании",
    "subtitle": "Компания HUB42",
    "content": "Дистрибутор 3D-сканеров, программного обеспечения, 3D-принтеров и расходных материалов ведущих мировых производителей. Наша команда из 20 экспертов, инженеров и технологов разрабатывает и внедряет уникальные 3D-решения на промышленных предприятиях, в исследовательских центрах, проектах малого и среднего бизнеса. Технологические навыки и опыт команды, знание мировых трендов индустрии и успешная практика разработки 3D- решений обеспечивают конкурентоспособность и высокую эффективность предприятий ключевых отраслей.",
    "is_active": true,
    "sort_order": 0,
    "is_system": true
  }
},
{
  "model": "pages.pageblock",
  "pk": 8,
  "fields": {
    "created_at": "2025-08-28T09:54:46.477Z",
    "updated_at": "2025-08-28T09:54:46.477Z",
    "block_type": "services",
    "title": "Наши услуги",
    "subtitle": "",
    "content": "",
    "is_active": true,
    "sort_order": 0,
    "is_system": true
  }
},
{
  "model": "pages.pageblock",
  "pk": 9,
  "fields": {
    "created_at": "2025-08-28T10:09:02.115Z",
    "updated_at": "2025-08-28T10:09:48.357Z",
    "block_type": "faq",
    "title": "Остались вопросы?",
    "subtitle": "Ответы тут",
    "content": "Эти пункты закрывают 90% вопросов, которые мы слышим на переговорах и отраслевых выставках; при необходимости готовы развернуть технические детали и финансовые расчеты под конкретный кейс.",
    "is_active": true,
    "sort_order": 0,
    "is_system": true
  }
},
{
  "model": "pages.pageblock",
  "pk": 10,
  "fields": {
    "created_at": "2025-08-28T10:13:36.137Z",
    "updated_at": "2025-10-20T19:11:39.265Z",
    "block_type": "blog",
    "title": "Блог и новости",
    "subtitle": "Свежие публикации в нашем блоге",
    "content": "",
    "is_active": true,
    "sort_order": 0,
    "is_system": true
  }
},
{
  "model": "pages.pageblock",
  "pk": 11,
  "fields": {
    "created_at": "2025-10-30T18:29:21.557Z",
    "updated_at": "2025-10-30T18:29:21.557Z",
    "block_type": "other_equipment",
    "title": "Больше вариантов",
    "subtitle": "Другое оборудование",
    "content": "",
    "is_active": true,
    "sort_order": 0,
    "is_system": true
  }
},
{
  "model": "pages.blockitem",
  "pk": 7,
  "fields": {
    "created_at": "2025-08-27T20:03:14.942Z",
    "updated_at": "2025-10-06T19:04:30.863Z",
    "parent_block": 4,
    "title": "Космос",
    "content": "Кожухи, воздуховоды,  крепежи",
    "icon": 20,
    "sort_order": 0,
    "is_active": true,
    "is_system": true
  }
},
{
  "model": "pages.blockitem",
  "pk": 8,
  "fields": {
    "created_at": "2025-08-28T07:23:30.119Z",
    "updated_at": "2025-10-06T19:04:23.229Z",
    "parent_block": 4,
    "title": "Нефтехимия",
    "content": "Механизмы, корпуса, учебные макеты",
    "icon": 19,
    "sort_order": 0,
    "is_active": true,
    "is_system": true
  }
},
{
  "model": "pages.blockitem",
  "pk": 9,
  "fields": {
    "created_at": "2025-08-28T07:23:30.121Z",
    "updated_at": "2025-10-06T19:04:15.522Z",
    "parent_block": 4,
    "title": "Судостроение",
    "content": "Опоры. прокладки, мелкая фурнитура",
    "icon": 18,
    "sort_order": 0,
    "is_active": true,
    "is_system": true
  }
},
{
  "model": "pages.blockitem",
  "pk": 10,
  "fields": {
    "created_at": "2025-08-28T07:23:30.122Z",
    "updated_at": "2025-10-06T19:04:04.734Z",
    "parent_block": 4,
    "title": "Электроника и приборостроение",
    "content": "Корпуса, кожухи, держатели плат",
    "icon": 20,
    "sort_order": 0,
    "is_active": true,
    "is_system": true
  }
},
{
  "model": "pages.blockitem",
  "pk": 11,
  "fields": {
    "created_at": "2025-08-28T07:23:30.122Z",
    "updated_at": "2025-10-06T19:03:53.319Z",
    "parent_block": 4,
    "title": "Машиностроение",
    "content": "Кондукторы, редукторы, кронштейны",
    "icon": 19,
    "sort_order": 0,
    "is_active": true,
    "is_system": true
  }
},
{
  "model": "pages.blockitem",
  "pk": 12,
  "fields": {
    "created_at": "2025-08-28T07:23:30.123Z",
    "updated_at": "2025-10-11T11:49:22.832Z",
    "parent_block": 4,
    "title": "Архитектура",
    "content": "Макеты, зданий, фасады, ландшафты",
    "icon": 18,
    "sort_order": 0,
    "is_active": true,
    "is_system": true
  }
},
{
  "model": "pages.blockitem",
  "pk": 13,
  "fields": {
    "created_at": "2025-08-28T07:23:30.123Z",
    "updated_at": "2025-10-10T18:55:59.939Z",
    "parent_block": 4,
    "title": "Медицина",
    "content": "Ортезы, протезы, анатомические модели",
    "icon": 20,
    "sort_order": 0,
    "is_active": true,
    "is_system": true
  }
},
{
  "model": "pages.blockitem",
  "pk": 14,
  "fields": {
    "created_at": "2025-08-28T07:23:30.124Z",
    "updated_at": "2025-10-06T19:03:16.058Z",
    "parent_block": 4,
    "title": "Железная дорога",
    "content": "Кондукторы, редукторы, кронштейны",
    "icon": 19,
    "sort_order": 0,
    "is_active": true,
    "is_system": true
  }
},
{
  "model": "pages.blockitem",
  "pk": 15,
  "fields": {
    "created_at": "2025-08-28T07:23:30.124Z",
    "updated_at": "2025-10-06T19:03:00.861Z",
    "parent_block": 4,
    "title": "Образование и R&D",
    "content": "Конструктивы, шестерни, поддоны",
    "icon": 18,
    "sort_order": 0,
    "is_active": true,
    "is_system": true
  }
},
{
  "model": "pages.blockitem",
  "pk": 16,
  "fields": {
    "created_at": "2025-08-28T07:49:41.782Z",
    "updated_at": "2025-08-28T07:49:41.782Z",
    "parent_block": 6,
    "title": "Наши клиенты и отзывы",
    "content": "Нам доверяют частные мастера, дизайнеры, архитектурные бюро, производственные компании, образовательные учреждения и инжиниринговые центры. Мы работаем с теми кто ценит точность, надежность и технологичность - от небольших студий до крупных промышленных предприятий.",
    "icon": null,
    "sort_order": 0,
    "is_active": true,
    "is_system": true
  }
},
{
  "model": "pages.blockitem",
  "pk": 17,
  "fields": {
    "created_at": "2025-08-28T07:54:10.964Z",
    "updated_at": "2025-10-28T11:26:32.216Z",
    "parent_block": 6,
    "title": "Наши компетенции",
    "content": "Мы специализируемся на подборе, продаже и технической поддержке  3D-принтеров для разных задач - от прототипирования до серийного производства. Консультируем по поводу оборудования, материалов и ПО, обучаем работе с технологиями FDM, SLA, SLS и другими. Помогаем интегрировать 3D-печать в бизнес-процессы под ключ.",
    "icon": null,
    "sort_order": 0,
    "is_active": true,
    "is_system": true
  }
},
{
  "model": "pages.blockitem",
  "pk": 18,
  "fields": {
    "created_at": "2025-08-28T07:59:25.837Z",
    "updated_at": "2025-08-28T07:59:25.837Z",
    "parent_block": 6,
    "title": "HUB42 в цифрах",
    "content": "За последние 3 года мы увеличили количество реализованных проектов на 200% процентов, расширили ассортимент оборудования в 3 раза и вышли на сотрудничество с 50+ отраслевыми партнерами по всей стране. Ежегодный рост клиентской базы - более 30%.",
    "icon": null,
    "sort_order": 0,
    "is_active": true,
    "is_system": true
  }
},
{
  "model": "pages.blockitem",
  "pk": 19,
  "fields": {
    "created_at": "2025-08-28T08:02:16.819Z",
    "updated_at": "2025-08-28T08:02:16.819Z",
    "parent_block": 6,
    "title": "Преимущества сотрудничества",
    "content": "За последние 3 года мы увеличили количество реализованных проектов на 200% процентов, расширили ассортимент оборудования в 3 раза и вышли на сотрудничество с 50+ отраслевыми партнерами по всей стране. Ежегодный рост клиентской базы - более 30%.",
    "icon": null,
    "sort_order": 0,
    "is_active": true,
    "is_system": true
  }
},
{
  "model": "pages.blockitem",
  "pk": 20,
  "fields": {
    "created_at": "2025-08-28T08:02:16.819Z",
    "updated_at": "2025-08-28T08:02:16.819Z",
    "parent_block": 6,
    "title": "Участие в мероприятиях",
    "content": "За последние 3 года мы увеличили количество реализованных проектов на 200% процентов, расширили ассортимент оборудования в 3 раза и вышли на сотрудничество с 50+ отраслевыми партнерами по всей стране. Ежегодный рост клиентской базы - более 30%.",
    "icon": null,
    "sort_order": 0,
    "is_active": true,
    "is_system": true
  }
},
{
  "model": "pages.blockitem",
  "pk": 21,
  "fields": {
    "created_at": "2025-08-28T08:02:16.819Z",
    "updated_at": "2025-08-28T08:02:16.819Z",
    "parent_block": 6,
    "title": "Контакты",
    "content": "За последние 3 года мы увеличили количество реализованных проектов на 200% процентов, расширили ассортимент оборудования в 3 раза и вышли на сотрудничество с 50+ отраслевыми партнерами по всей стране. Ежегодный рост клиентской базы - более 30%.",
    "icon": null,
    "sort_order": 0,
    "is_active": true,
    "is_system": true
  }
},
{
  "model": "pages.blockitem",
  "pk": 34,
  "fields": {
    "created_at": "2025-08-28T10:09:02.119Z",
    "updated_at": "2025-08-28T10:09:02.119Z",
    "parent_block": 9,
    "title": "Когда окупится принтер и как вы это считаете?",
    "content": "По опыту наших клиентов - 6-12 при замене токарки/литья на печать мелких партий. Мы бесплатно считаем ROI на наших деталях: достаточно выгрузить 3-5 типовых CAD-файлов - расчёт получите за 48 часов.",
    "icon": null,
    "sort_order": 0,
    "is_active": true,
    "is_system": true
  }
},
{
  "model": "pages.blockitem",
  "pk": 35,
  "fields": {
    "created_at": "2025-08-28T10:09:48.372Z",
    "updated_at": "2025-10-18T07:06:09.851Z",
    "parent_block": 9,
    "title": "Какие материалы реально печатает CD400?",
    "content": "ABS, PET-G, PA-12/PA-CF, PC-ABS, TPU и любые другие термопласты до 320 °C. Активная термокамера 120 °C убирает коробление, поэтому даже композиты держат геометрию .",
    "icon": null,
    "sort_order": 0,
    "is_active": true,
    "is_system": true
  }
},
{
  "model": "pages.blockitem",
  "pk": 36,
  "fields": {
    "created_at": "2025-10-06T15:19:27.857Z",
    "updated_at": "2025-10-11T11:50:09.166Z",
    "parent_block": 3,
    "title": "Не указано",
    "content": "Автотюнинг и кастомизация",
    "icon": null,
    "sort_order": 0,
    "is_active": true,
    "is_system": true
  }
},
{
  "model": "pages.blockitem",
  "pk": 37,
  "fields": {
    "created_at": "2025-10-06T15:21:02.291Z",
    "updated_at": "2025-10-06T15:21:02.291Z",
    "parent_block": 3,
    "title": "Не указано",
    "content": "Изготовление запчастей на месте",
    "icon": null,
    "sort_order": 0,
    "is_active": true,
    "is_system": true
  }
},
{
  "model": "pages.blockitem",
  "pk": 38,
  "fields": {
    "created_at": "2025-10-06T15:21:44.044Z",
    "updated_at": "2025-10-06T15:21:44.044Z",
    "parent_block": 3,
    "title": "Не указано",
    "content": "Мелкосерийное производство",
    "icon": null,
    "sort_order": 0,
    "is_active": true,
    "is_system": true
  }
},
{
  "model": "pages.blockitem",
  "pk": 39,
  "fields": {
    "created_at": "2025-10-06T15:22:53.521Z",
    "updated_at": "2025-10-06T15:22:53.521Z",
    "parent_block": 3,
    "title": "Не указано",
    "content": "Ремонт и восстановление нестандартных деталей",
    "icon": null,
    "sort_order": 0,
    "is_active": true,
    "is_system": true
  }
},
{
  "model": "pages.blockitem",
  "pk": 40,
  "fields": {
    "created_at": "2025-10-06T15:23:47.484Z",
    "updated_at": "2025-10-06T15:23:47.484Z",
    "parent_block": 3,
    "title": "Не указано",
    "content": "Производство оснастки, корпусов и нестандартных крепежей",
    "icon": null,
    "sort_order": 0,
    "is_active": true,
    "is_system": true
  }
},
{
  "model": "pages.blockitem",
  "pk": 41,
  "fields": {
    "created_at": "2025-10-06T15:24:48.037Z",
    "updated_at": "2025-10-11T08:33:25.013Z",
    "parent_block": 3,
    "title": "Не указано",
    "content": "Быстрое прототипирование",
    "icon": null,
    "sort_order": 0,
    "is_active": true,
    "is_system": true
  }
},
{
  "model": "pages.blockitem",
  "pk": 42,
  "fields": {
    "created_at": "2025-10-06T20:04:43.003Z",
    "updated_at": "2025-11-02T19:44:24.942Z",
    "parent_block": 6,
    "title": "Компания HUB42",
    "content": "Дистрибутор 3D-сканеров, программного обеспечения, 3D-принтеров и расходных материалов ведущих мировых производителей.\r\nНаша команда из 20 экспертов, инженеров и технологов разрабатывает и внедряет уникальные 3D-решения на промышленных предприятиях, в исследовательских центрах, проектах малого и среднего бизнеса.\r\nТехнологические навыки и опыт команды, знание мировых трендов индустрии и успешная практика разработки 3D-решений обеспечивают конкурентоспособность и высокую эффективность предприятий ключевых отраслей.",
    "icon": null,
    "sort_order": 0,
    "is_active": true,
    "is_system": true
  }
},
{
  "model": "pages.blockitem",
  "pk": 43,
  "fields": {
    "created_at": "2025-10-18T07:08:15.655Z",
    "updated_at": "2025-10-28T11:28:08.015Z",
    "parent_block": 9,
    "title": "Как обеспечить печать 24 / 7 без остановок?",
    "content": "Встроенная сушилка на 4 катушки и каскадная автосмена филамента продолжат работу, когда кончится пруток; модуль очистки сопла убирает нагар, а сервошаговые приводы + CAN-шина следят за точностью в реальном времени .",
    "icon": null,
    "sort_order": 0,
    "is_active": true,
    "is_system": true
  }
},
{
  "model": "pages.blockitem",
  "pk": 44,
  "fields": {
    "created_at": "2025-10-18T07:09:20.474Z",
    "updated_at": "2025-10-18T07:09:20.474Z",
    "parent_block": 9,
    "title": "Что с обслуживанием и гарантией",
    "content": "12 месяцев заводской гарантии в России и РБ. Регламентное ТО — раз в 1 000 часов",
    "icon": null,
    "sort_order": 0,
    "is_active": true,
    "is_system": true
  }
},
{
  "model": "pages.blockitem",
  "pk": 45,
  "fields": {
    "created_at": "2025-10-18T07:10:39.945Z",
    "updated_at": "2025-10-18T07:10:39.945Z",
    "parent_block": 9,
    "title": "Легко ли встроить в текущий CAD/CAM",
    "content": "Принтер имеет собственный моноблок-PC со встроенным слайсером; принимает G-code из Cura, управляется через web-интерфейс по LAN/Wi-Fi или с экрана моноблока",
    "icon": null,
    "sort_order": 0,
    "is_active": true,
    "is_system": true
  }
},
{
  "model": "pages.blockitem",
  "pk": 46,
  "fields": {
    "created_at": "2025-10-18T07:11:43.450Z",
    "updated_at": "2025-10-18T07:11:43.450Z",
    "parent_block": 9,
    "title": "Безопасно ли ставить его рядом с людьми?",
    "content": "Закрытая камера + HEPA-фильтр улавливают микропластик; принтер рассчитан на работу в офисных и производственных помещениях без дополнительной вытяжки",
    "icon": null,
    "sort_order": 0,
    "is_active": true,
    "is_system": true
  }
},
{
  "model": "pages.blockitem",
  "pk": 47,
  "fields": {
    "created_at": "2025-10-18T07:12:33.603Z",
    "updated_at": "2025-11-02T19:42:28.830Z",
    "parent_block": 9,
    "title": "Можно ли протестировать оборудование перед покупкой?",
    "content": "Да. Программа Try & Buy: аренда на 3 месяца, установка и настройка, 10 кг филамента в пакете; 100 % платежей засчитываются, если решите выкупить. Не подошло — забираем принтер обратно.",
    "icon": null,
    "sort_order": 0,
    "is_active": true,
    "is_system": true
  }
},
{
  "model": "pages.blockitem",
  "pk": 48,
  "fields": {
    "created_at": "2025-10-28T11:46:08.599Z",
    "updated_at": "2025-10-28T16:02:16.153Z",
    "parent_block": 4,
    "title": "Робототехника",
    "content": "Трансформеры",
    "icon": null,
    "sort_order": 0,
    "is_active": true,
    "is_system": false
  }
},
{
  "model": "pages.applicationarticle",
  "pk": 1,
  "fields": {
    "created_at": "2025-09-08T09:50:11.773Z",
    "updated_at": "2025-09-08T12:22:11.356Z",
    "title": "3D-ПЕЧАТЬ В АРХИТЕКТУРЕ: ПРОЕКТИРУЙ,  СОЗДАВАЙ, ПРЕЗЕНТУЙ - БЕЗ ОГРАНИЧЕНИЙ",
    "slug": "3d-pechat-v-arhitekture-proektiruj-sozdavaj-prezentuj-bez-ogranichenij",
    "preview": "Современные архитекторы всё чаще выходят за рамки цифрового моделирования. Благодаря FDM 3D-печати макеты и модели зданий, интерьеров, ландшафтов и фасадов теперь можно не только нарисовать, но и напечатать — точно, быстро и эффектно.",
    "body": "# Архитектура больше не ограничена бумагой\r\nСовременные архитекторы всё чаще выходят за рамки цифрового моделирования. Благодаря FDM 3D-печати макеты и модели зданий, интерьеров, ландшафтов и фасадов теперь можно не только нарисовать, но и напечатать — точно, быстро и эффектно.\r\n\r\n## Где используется FDM-печать в архитектуре\r\n**1. Архитектурные макеты**\r\nПечатают:\r\n- кварталы и жилые комплексы;\r\n- сечения зданий и этажей;\r\n- фасадные элементы и детали облицовки.\r\n\r\n**2. Ландшафтные модели**\r\nСоздаются:\r\n- модели рельефа, парковых зон, водоёмов;\r\n- объекты благоустройства и транспортной инфраструктуры;\r\n- системы освещения и уличной мебели.\r\n\r\n**3. Элементы отделки и декора**\r\nИспользуют FDM-печать для:\r\n- печати авторских панелей, барельефов;\r\n- изготовления нестандартных элементов интерьера;\r\n- быстрой кастомизации форм для гипса, бетона и т.д.\r\n\r\n## Преимущества FDM-печати для архитекторов\r\n- Визуализация в реальном 3D — эффектная презентация для клиентов, жюри или застройщика.\r\n- Гибкость форм — сложные поверхности, резные элементы, органическая геометрия.\r\n- Скорость — переход от эскиза к физическому макету за 1–2 дня.\r\n- Экономия — не нужно дорогое фрезерование или ручной труд.\r\n\r\n## Какие материалы применяются\r\n- PLA, PETG — лёгкие, экологичные, идеально для презентаций.\r\n- ASA, ABS — прочные, подходят для постоянных экспозиций.\r\n- TPU — для макетов с гибкими или динамичными частями (например, парки аттракционов).\r\n- Композиционные филаменты — для имитации бетона, дерева, камня.\r\n\r\n## Реальные примеры\r\n- Бюро Zaha Hadid печатают масштабные макеты фасадов с эффектной топологией.\r\n- Студенты архитектурных вузов делают проекты сразу в виде 3D-моделей.\r\n- Градостроительные компании используют 3D-печать для конкурсов, тендеров и общественных обсуждений.\r\n\r\n## Protype — 3D-принтер для архитектурных студий, вузов и бюро\r\nСоздан, чтобы воплощать идеи в точные формы:\r\n- Большой рабочий объём — печать зданий и городов в масштабе 1:100–1:500.\r\n- Две независимые головки — можно комбинировать материалы и цвета.\r\n- Интегрированный моноблок со слайсером — печать без стороннего ПО.\r\n- Фильтрация воздуха — безопасная работа в студии или классе.\r\n\r\n## Хотите впечатлить клиента физической моделью?\r\nОставьте заявку — протестируйте Protype в вашей архитектурной задаче.",
    "image": "",
    "is_published": true,
    "published_at": "2025-09-08T09:50:11.773Z",
    "sort_order": 0,
    "related_item": 12
  }
},
{
  "model": "pages.applicationarticle",
  "pk": 2,
  "fields": {
    "created_at": "2025-09-08T11:37:56.948Z",
    "updated_at": "2025-09-08T12:23:05.122Z",
    "title": "КАК 3D-ПЕЧАТЬ ТРАНСФОРМИРУЕТ МЕДИЦИНУ: ТЕХНОЛОГИИ FDM В ЗДРАВООХРАНЕНИИ",
    "slug": "kak-3d-pechat-transformiruet-medicinu-tehnologii-fdm-v-zdravoohranenii",
    "preview": "FDM 3D-печать (Fused Deposition Modeling) меняет подход к созданию медицинских изделий. От анатомических моделей до функциональных протезов — технологии позволяют быстро, точно и доступно создавать то, что раньше требовало недель и крупных инвестиций.",
    "body": "# НОВАЯ ЭРА ПЕРСОНАЛИЗИРОВАННОЙ МЕДИЦИНЫ  \r\n\r\nFDM 3D-печать (Fused Deposition Modeling) меняет подход к созданию медицинских изделий. От анатомических моделей до функциональных протезов — технологии позволяют быстро, точно и доступно создавать то, что раньше требовало недель и крупных инвестиций.\r\n\r\n# Где 3D-принтеры уже применяются\r\n## 1. Анатомическое моделирование\r\n- Врачи используют 3D-печатные копии органов и костей для:\r\n- планирования операций;\r\n- обучения студентов;\r\n- визуализации редких патологий.\r\n\r\n> Пример: нейрохирурги печатают модели черепа пациента перед сложными вмешательствами.\r\n\r\n## 2. Ортопедия и протезирование\r\nПечатают:\r\n- индивидуальные протезы конечностей;\r\n- ортезы и поддерживающие конструкции;\r\n- анатомически точные фиксаторы.\r\n- Протезы можно адаптировать под геометрию тела конкретного пациента за часы, а не недели.\r\n\r\n## 3. Хирургические инструменты и шаблоны\r\n3D-принтер позволяет создавать:\r\n- индивидуальные направляющие для сверления (drill guides);\r\n- держатели для инструментов;\r\n- стерилизуемые компоненты.\r\n\r\n# Какие материалы используются в медицине\r\n- PETG, PLA, ABS — для визуализационных моделей.\r\n- TPU — для гибких ортопедических элементов.\r\n- PC, Nylon, CF-композиты — для прочных и термостойких изделий.\r\n- PEEK (в условиях стерилизации и био-совместимости).\r\n\r\n# Преимущества FDM в медицинской практике\r\n- Снижение затрат на подготовку к операциям\r\n- Скорость создания индивидуальных решений\r\n- Улучшение коммуникации между врачом и пациентом\r\n- Инструмент для практического обучения\r\n\r\n# Безопасно ли использовать FDM-принтер в клинике?\r\nСовременные системы оснащаются:\r\n- фильтрацией воздуха (HEPA/Carbon) — для защиты персонала;\r\n- закрытыми камерами — чтобы обеспечить стабильность материалов;\r\n- гибким ПО и автоматикой — что упрощает работу без глубокой технической подготовки.\r\n\r\n# Protype: промышленный FDM-принтер, готовый к медицине\r\nНаша разработка создавалась с учётом задач здравоохранения:\r\n- Активная термокамера — для стабильной печати моделей органов и костей.\r\n- Фильтрация воздуха — безопасна для использования в лабораториях и офисах.\r\n- Две независимые головки — для сложных многоцветных или комбинированных моделей.\r\n- Автосмена материалов — удобно при печати комплектов.\r\n\r\n# Хотите протестировать на своих задачах?\r\nОставьте заявку на пробный период — мы всё установим и настроим, чтобы вы могли увидеть результат в реальных условиях.",
    "image": "",
    "is_published": true,
    "published_at": "2025-09-08T11:37:56.947Z",
    "sort_order": 0,
    "related_item": 13
  }
},
{
  "model": "pages.applicationarticle",
  "pk": 3,
  "fields": {
    "created_at": "2025-10-06T19:14:36.301Z",
    "updated_at": "2025-10-06T19:14:36.301Z",
    "title": "3D-печать в автопроме: как FDM-технология ускоряет разработку и производство автомобилей",
    "slug": "3d-pechat-v-avtoprome-kak-fdm-tehnologiya-uskoryaet-razrabotku-i-proizvodstvo-avtomobilej",
    "preview": "Автомобильная отрасль — это вечная гонка: за скоростью, надёжностью и инновациями. Сегодня производители всё активнее внедряют FDM 3D-печать в свои конвейеры и исследовательские центры, чтобы ускорить разработку и снизить затраты.",
    "body": "# От идеи — к детали за сутки\r\nАвтомобильная отрасль — это вечная гонка: за скоростью, надёжностью и инновациями. Сегодня производители всё активнее внедряют FDM 3D-печать в свои конвейеры и исследовательские центры, чтобы ускорить разработку и снизить затраты.\r\n\r\n## Где используется FDM-печать в автопроме\r\n### 1. Прототипы и предсерийные образцы\r\nИнженеры печатают:\r\n\r\nкорпуса фар, зеркал и воздухозаборников;\r\n\r\nинтерьерные элементы — панели, держатели;\r\n\r\nкомпоненты для аэродинамических испытаний.\r\n\r\n### 2. Оснастка и инструментальная оснастка\r\nНа принтере создают:\r\n\r\nшаблоны сборки, направляющие, приспособления;\r\n\r\nкрепления для датчиков и камер;\r\n\r\nручные и пневматические инструменты.\r\n\r\n### 3. Детали для ремонта и кастомизации\r\nСервисные центры и тюнинг-ателье печатают:\r\n\r\nнестандартные заглушки, кронштейны, накладки;\r\n\r\nадаптеры для установок нестандартного оборудования;\r\n\r\nкастомные элементы под заказ.\r\n\r\n### Почему автопроизводители выбирают FDM\r\n- Скорость — от CAD до детали за 24–48 часов.\r\n- Экономия — снижение затрат на оснастку и R&D.\r\n- Гибкость — легко переключаться между проектами и материалами.\r\n- Прототипирование на уровне конвейера — ускорение вывода продукта на рынок.\r\n\r\n### Какие материалы используют в автопроме\r\n- ABS, ASA — для прочных визуальных прототипов.\r\n- PA12 CF / GF, PC — инженерные и термостойкие материалы.\r\n- TPU — гибкие элементы, уплотнители, демпферы.\r\n- PETG — ударопрочные прозрачные изделия.\r\n\r\n### Примеры применения\r\n- BMW печатает более 100 000 деталей в год: от креплений до сборочной оснастки.\r\n- Ford использует FDM для разработки эргономичного инструмента в сборочных зонах.\r\n- Porsche предлагает клиентам кастомные напечатанные элементы интерьера и отделки.\r\n\r\n### Принтер Protype — промышленное решение для автопроизводителей и R&D-отделов\r\nНаша система создана с учётом реальных требований автопрома:\r\n- Закрытая активная термокамера — стабильно печатает PC, PA-CF, TPU;\r\n- Сменные головки — быстрое переключение между мягкими и жёсткими материалами;\r\n- Каскадная подача филамента — печать без остановки;\r\n- HEPA-фильтрация — безопасна для установки в офисе или лаборатории.\r\n\r\n### Хотите протестировать на своих проектах?\r\nОставьте заявку на демо — мы привезём, установим и запустим принтер прямо у вас.",
    "image": "",
    "is_published": true,
    "published_at": "2025-10-06T19:14:36.300Z",
    "sort_order": 0,
    "related_item": 14
  }
},
{
  "model": "pages.applicationarticle",
  "pk": 4,
  "fields": {
    "created_at": "2025-10-06T19:24:33.633Z",
    "updated_at": "2025-10-06T19:24:33.633Z",
    "title": "Как 3D-принтеры меняют образование: FDM-печать на уроках, в вузах и лабораториях",
    "slug": "kak-3d-printery-menyayut-obrazovanie-fdm-pechat-na-urokah-v-vuzah-i-laboratoriyah",
    "preview": "Современное образование всё больше ориентируется на практическое обучение. 3D-печать по технологии FDM (Fused Deposition Modeling) становится мощным инструментом для школ, колледжей, университетов и STEM-центров, позволяя ученикам создавать реальные объекты из своих идей.",
    "body": "## От теории к практике — в один клик\r\nСовременное образование всё больше ориентируется на практическое обучение. 3D-печать по технологии FDM (Fused Deposition Modeling) становится мощным инструментом для школ, колледжей, университетов и STEM-центров, позволяя ученикам создавать реальные объекты из своих идей.\r\n\r\n### Где применяется 3D-печать в образовательном процессе\r\n#### 1 Уроки технологии, физики и химии\r\nУченики могут:\r\n- печатать молекулы, кристаллические решётки, модели атомов;\r\n- изучать законы механики через напечатанные конструкции;\r\n- визуализировать геометрию и стереометрию.\r\n\r\n#### 2 Вузы и исследовательские лаборатории\r\nСтуденты создают:\r\n- макеты органов, микроструктур, ДНК;\r\n- детали для роботов, турбин и дронов;\r\n- прототипы инженерных разработок и дизайн-концептов.\r\n\r\n#### 3 Курсы по робототехнике и инженерии\r\n3D-принтер позволяет:\r\n- быстро создавать корпуса, держатели, шестерни;\r\n- учить детей работать с CAD и прототипами;\r\n- формировать навыки современного цифрового производства.\r\n\r\n#### Почему FDM идеален для образования\r\n- Простой интерфейс — дети могут печатать сами после минимального обучения;\r\n- Широкий выбор материалов — от простого PLA до инженерных пластмасс;\r\n- Безопасность — закрытые камеры, фильтры воздуха, тихая работа;\r\n- Визуальный вау-эффект — учёба становится настоящим исследованием.\r\n\r\n“Когда ребёнок сам собирает 3D-модель, запускает печать и держит результат в руках — это уже не просто урок. Это опыт.” — преподаватель STEM-центра\r\n\r\n#### Что печатают в учебных заведениях\r\n- модели органов, клеток, вирусов;\r\n- шестерни, подшипники, механизмы;\r\n- архитектурные макеты и памятники;\r\n- скелеты динозавров;\r\n- собственные изобретения учеников.\r\n\r\n#### Образование, которое вдохновляет\r\n3D-печать помогает раскрывать талант, учить командной работе, развивать критическое мышление и любовь к науке. Это не просто технология — это мост между поколениями инженеров, учёных и дизайнеров.\r\n\r\n#### Protype: 3D-принтер, созданный для учебных задач\r\nПринтер Protype легко встраивается в учебный процесс:\r\n- Интегрированный моноблок — можно печатать без отдельного компьютера.\r\n- Световая индикация — видно издалека, когда принтер занят или готов.\r\n- HEPA-фильтрация — безопасен для детей и персонала.\r\n- Простая автокалибровка — не требует специальной подготовки.\r\n- Автоматическая смена филамента — удобно для уроков и сменных классов.\r\n\r\n#### Хотите внедрить 3D-печать в своё учреждение?\r\nОставьте заявку — мы проведём демонстрацию и подберём конфигурацию под ваш формат.",
    "image": "",
    "is_published": true,
    "published_at": "2025-10-06T19:24:33.633Z",
    "sort_order": 0,
    "related_item": 15
  }
},
{
  "model": "pages.applicationarticle",
  "pk": 5,
  "fields": {
    "created_at": "2025-10-06T19:31:38.132Z",
    "updated_at": "2025-10-06T19:31:38.132Z",
    "title": "3D-печать в авиации: как FDM-технология меняет аэрокосмическую промышленность",
    "slug": "3d-pechat-v-aviacii-kak-fdm-tehnologiya-menyaet-aerokosmicheskuyu-promyshlennost",
    "preview": "Аэрокосмическая отрасль — одна из самых требовательных в мире. Минимальный вес, максимальная прочность, устойчивость к нагрузкам и температуре — всё это критически важно. FDM 3D-печать (Fused Deposition Modeling) стала ключевым инструментом, позволяющим решать инженерные задачи быстрее, дешевле и гибче.",
    "body": "## Почему авиация выбирает FDM 3D-принтеры\r\n\r\nАэрокосмическая отрасль — одна из самых требовательных в мире.  \r\nМинимальный вес, максимальная прочность, устойчивость к нагрузкам и температуре — всё это критически важно.  \r\n**FDM 3D-печать (Fused Deposition Modeling)** стала ключевым инструментом, позволяющим решать инженерные задачи быстрее, дешевле и гибче.\r\n\r\nС помощью FDM сегодня печатают:\r\n- функциональные прототипы и детали обтекателей;\r\n- вентиляционные каналы и заглушки;\r\n- инструменты и оснастку для сборки;\r\n- модели для аэродинамических испытаний.\r\n\r\n---\r\n\r\n## Преимущества FDM в авиастроении\r\n\r\n1. **Быстрая разработка прототипов**  \r\n   Инженеры могут печатать и тестировать детали уже на следующий день после проектирования. Это сокращает цикл разработки с месяцев до дней.\r\n\r\n2. **Производство функциональных деталей**  \r\n   Современные филаменты, такие как PA-CF, PEI (Ultem), PEEK, позволяют изготавливать прочные компоненты, выдерживающие вибрации, перегрузки и высокие температуры.\r\n\r\n3. **Экономия бюджета**  \r\n   Сравнение с традиционной механической обработкой показывает: FDM-метод дешевле в 3–10 раз для малых партий и уникальных деталей.\r\n\r\n4. **Адаптация под сборку**  \r\n   Можно напечатать нестандартные крепления, оснастку, шаблоны и держатели — под конкретную задачу. Без долгих ожиданий от подрядчиков.\r\n\r\n---\r\n\r\n## Какие материалы используют в авиации\r\n\r\n| Материал | Свойства |\r\n|----------|----------|\r\n| **PA12+CF, PA6+GF** | Армированные композиты, прочные и лёгкие |\r\n| **PEEK, PEI (Ultem)** | Термостойкие и химически инертные полимеры |\r\n| **TPU, TPE** | Для виброизоляции и гибких компонентов |\r\n\r\n---\r\n\r\n## Кейсы применения\r\n\r\n- **Airbus** применяет 3D-печать для производства более 1000 деталей в A350.  \r\n- **Boeing** печатает каналы кондиционирования и мелкие компоненты интерьера.  \r\n- **Университеты и стартапы** разрабатывают дроны и ракеты с полностью напечатанными корпусами.\r\n\r\n---\r\n\r\n## Почему это важно сейчас\r\n\r\nАвиастроение переходит от прототипирования к серийному производству с применением FDM.  \r\nЭто уже не просто тестовая технология — это полноценный инструмент в арсенале инженеров и производителей.\r\n\r\n---\r\n\r\n## Как выбрать промышленный FDM-принтер под авиационные задачи\r\n\r\nВыбирайте принтер, который:\r\n- работает с техническими и композиционными материалами;\r\n- имеет активную термокамеру для стабильной печати;\r\n- поддерживает автоматическую смену филамента;\r\n- оснащён двумя независимыми головками для многоматериальной печати;\r\n- позволяет печатать крупные и прочные изделия без деформаций.\r\n\r\n---\r\n\r\n## Решение от Protype: промышленный 3D-принтер нового поколения\r\n\r\nЕсли вы ищете профессиональный 3D-принтер для авиационной отрасли, мы создали именно такое решение.  \r\nНаша система оснащена активной термокамерой, независимыми головками, фильтрацией воздуха и поддержкой инженерных материалов.\r\n\r\n#### Оставьте заявку на пробный период — протестируйте наш принтер в ваших задачах, без риска и обязательств.",
    "image": "",
    "is_published": true,
    "published_at": "2025-10-06T19:31:38.132Z",
    "sort_order": 0,
    "related_item": 7
  }
},
{
  "model": "pages.applicationarticle",
  "pk": 6,
  "fields": {
    "created_at": "2025-10-06T19:35:30.195Z",
    "updated_at": "2025-10-06T19:37:15.111Z",
    "title": "3D-печать в нефтехимии: как FDM помогает производству работать без остановок",
    "slug": "3d-pechat-v-neftehimii-kak-fdm-pomogaet-proizvodstvu-rabotat-bez-ostanovok",
    "preview": "В нефтегазовой отрасли простой оборудования может стоить миллионы. Именно поэтому всё больше предприятий внедряют FDM 3D-принтеры для быстрого производства деталей, ремонта и прототипирования прямо на месте — без задержек и без внешних подрядчиков.",
    "body": "# 3D-печать в нефтехимии: как FDM помогает производству работать без остановок\r\n\r\n&gt; Когда каждая минута стоит дорого  \r\n&gt; В нефтегазовой отрасли простой оборудования может стоить миллионы. Именно поэтому всё больше предприятий внедряют FDM 3D-принтеры для быстрого производства деталей, ремонта и прототипирования прямо на месте — без задержек и без внешних подрядчиков.\r\n\r\n---\r\n\r\n## Как применяется FDM-печать в нефтехимии\r\n\r\n### 1. Быстрый ремонт и замена компонентов\r\n3D-принтер позволяет:\r\n- срочно напечатать нестандартную прокладку, крышку, кожух;\r\n- заменить корпус или элемент системы крепления;\r\n- адаптировать компоненты под оборудование, снятое с производства.\r\n\r\n&gt; На нефтеперерабатывающем заводе в США напечатанные детали помогли устранить утечку менее чем за 4 часа — без вызова подрядчика.\r\n\r\n### 2. Производственная оснастка\r\nПечатают:\r\n- шаблоны для маркировки труб и резервуаров;\r\n- нестандартные крепления и фиксаторы;\r\n- монтажные элементы и адаптеры для датчиков и кабелей.\r\n\r\n### 3. Научные лаборатории и НИОКР\r\nДля R&D отделов:\r\n- корпуса сенсоров и устройств контроля;\r\n- прототипы клапанов и микрофлюидных систем;\r\n- оснастка для испытаний химических реакций и смесей.\r\n\r\n---\r\n\r\n## Какие материалы подходят\r\n\r\n| Материал | Свойства |\r\n|----------|----------|\r\n| **PEEK, PEKK, PPSU** | Химически устойчивые, термостойкие полимеры |\r\n| **PC, PA12-CF, GF-ABS** | Прочные инженерные материалы |\r\n| **TPU** | Гибкие, виброустойчивые компоненты |\r\n| **PETG** | Для визуализации и второстепенных задач |\r\n\r\n---\r\n\r\n## Преимущества FDM-печати в нефтехимии\r\n\r\n- Сокращение времени на ремонт — печать прямо на объекте  \r\n- Снижение затрат на логистику и хранение  \r\n- Адаптация под нестандартное оборудование  \r\n- Минимизация простоев и потерь на производстве  \r\n\r\n---\r\n\r\n## Международный опыт\r\n\r\n- **Shell** внедряет 3D-принтеры в инженерные центры и морские платформы  \r\n- **Saudi Aramco** использует FDM для подготовки R&D-прототипов  \r\n- **ExxonMobil** печатает ремонтные компоненты и оснастку локально  \r\n\r\n---\r\n\r\n## Protype — промышленный 3D-принтер для нефтехимии и тяжёлых условий\r\n\r\nСоздан для задач, где важна надёжность, химическая устойчивость и точность:\r\n- Поддержка инженерных материалов — PA-CF, PC, PEEK, GF  \r\n- Активная термокамера — стабильная печать без деформаций  \r\n- Модуль фильтрации — безопасная эксплуатация в помещениях  \r\n- Автоматическая смена филамента — для непрерывного процесса  \r\n\r\n### Мы предлагаем тестовую установку на объекте  \r\n\r\nПротестируйте возможности Protype на ваших задачах.",
    "image": "",
    "is_published": true,
    "published_at": "2025-10-06T19:35:30.195Z",
    "sort_order": 0,
    "related_item": 8
  }
},
{
  "model": "pages.applicationarticle",
  "pk": 7,
  "fields": {
    "created_at": "2025-10-06T19:42:02.519Z",
    "updated_at": "2025-10-06T19:42:02.519Z",
    "title": "3D-печать в судостроении: как FDM помогает создавать и ремонтировать прямо на борту",
    "slug": "3d-pechat-v-sudostroenii-kak-fdm-pomogaet-sozdavat-i-remontirovat-pryamo-na-bortu",
    "preview": "Судостроение — это отрасль с жёсткими допусками, высоким износом оборудования и удалённостью от поставщиков. В таких условиях FDM 3D-печать становится критически важной технологией: от прототипов и оснастки до аварийного ремонта в открытом море.",
    "body": "# 3D-печать в судостроении: как FDM помогает создавать и ремонтировать прямо на борту\r\n\r\n&gt; Когда производство выходит в море  \r\n&gt; Судостроение — это отрасль с жёсткими допусками, высоким износом оборудования и удалённостью от поставщиков. В таких условиях FDM 3D-печать становится критически важной технологией: от прототипов и оснастки до аварийного ремонта в открытом море.\r\n\r\n---\r\n\r\n## Как FDM-принтеры используются в морской индустрии\r\n\r\n### 1. Сервис и техобслуживание\r\nСуда печатают:\r\n- заглушки, крепления, кожухи и уплотнители;\r\n- элементы вентиляции, освещения, кабель-каналов;\r\n- ручки, держатели, кнопки, декоративные вставки.\r\n\r\n&gt; Корабли ВМФ и гражданского флота оснащаются принтерами для быстрой замены деталей — без необходимости ожидания поставки с берега.\r\n\r\n### 2. Инженерная оснастка и сборочные шаблоны\r\nВ судостроительных цехах FDM-принтеры производят:\r\n- монтажные направляющие;\r\n- шаблоны для сверления и сварки;\r\n- кастомные держатели инструментов.\r\n\r\n### 3. Прототипы и макеты\r\nПри проектировании корпусов и систем:\r\n- печатаются модели и узлы для аэродинамических и гидродинамических тестов;\r\n- создаются масштабные демонстрационные макеты.\r\n\r\n---\r\n\r\n## Почему FDM — идеален для морской отрасли\r\n\r\n- **Мобильность** — принтер можно установить прямо на борту  \r\n- **Гибкость** — быстрая реакция на поломки и изменения  \r\n- **Сокращение простоев** — детали печатаются за часы, не недели  \r\n- **Экономия** — особенно при нестандартных или устаревших деталях  \r\n\r\n---\r\n\r\n## Материалы, применяемые в судостроении\r\n\r\n| Материал | Назначение |\r\n|----------|------------|\r\n| **ABS-GF, PC, PA12 CF** | Прочные, жёсткие, устойчивы к коррозии |\r\n| **TPU, TPE** | Гибкие уплотнения и демпфирующие элементы |\r\n| **PETG, ASA** | УФ-стойкие для внешнего применения |\r\n| **PEEK, PPSU** | Химстойкие, для топливных и гидравлических систем (под заказ) |\r\n\r\n---\r\n\r\n## Примеры использования\r\n\r\n- **Royal Navy** печатает детали на борту в море  \r\n- **Thyssenkrupp Marine Systems** внедрила FDM в процессы сборки  \r\n- **Port Authorities** печатают детали швартовки и охранной инфраструктуры  \r\n\r\n---\r\n\r\n## Protype — промышленный 3D-принтер для судостроения и морских задач\r\n\r\nСпроектирован для тяжёлых условий эксплуатации:\r\n- **Термокамера и фильтрация** — стабильная печать в морском климате  \r\n- **Две независимые головки** — для жёстких и гибких материалов  \r\n- **Автоматическая смена филамента** — надёжность в автономном режиме  \r\n- **Модуль очистки сопел** — минимизация обслуживания на борту  \r\n\r\n### Оставьте заявку на тест — мы покажем, как Protype может работать у вас в доке, на производстве или даже в море",
    "image": "",
    "is_published": true,
    "published_at": "2025-10-06T19:42:02.519Z",
    "sort_order": 0,
    "related_item": 9
  }
},
{
  "model": "pages.applicationarticle",
  "pk": 8,
  "fields": {
    "created_at": "2025-10-06T19:47:06.400Z",
    "updated_at": "2025-10-06T19:47:06.400Z",
    "title": "3D-печать в электронике и приборостроении: от идеи до корпуса за сутки",
    "slug": "3d-pechat-v-elektronike-i-priborostroenii-ot-idei-do-korpusa-za-sutki",
    "preview": "Разработка электроники — это мир быстрых итераций. Новые платы, сенсоры, корпуса и нестандартные интерфейсы требуют быстрой и точной адаптации. Именно поэтому FDM 3D-печать стала неотъемлемой частью R&D, НИОКР и малосерийного производства в этой отрасли.",
    "body": "# 3D-печать в электронике и приборостроении: от идеи до корпуса за сутки\r\n\r\n&gt; Современные устройства требуют гибкости  \r\n&gt; Разработка электроники — это мир быстрых итераций. Новые платы, сенсоры, корпуса и нестандартные интерфейсы требуют быстрой и точной адаптации. Именно поэтому FDM 3D-печать стала неотъемлемой частью R&D, НИОКР и малосерийного производства в этой отрасли.\r\n\r\n---\r\n\r\n## Где применяется 3D-печать в электронике и приборостроении\r\n\r\n### 1. Корпуса и оболочки устройств\r\nПечатают:\r\n- кастомные корпуса для микроконтроллеров, сенсоров, дисплеев;\r\n- радиаторы и кожухи под нестандартные платы;\r\n- модульные сборки с защёлками, вентиляцией и маркировкой.\r\n\r\n### 2. Фиксаторы и держатели\r\nСоздают:\r\n- держатели плат и компонентов для пайки и сборки;\r\n- органайзеры для сборочных линий;\r\n- стойки для тестов, юстировки и замеров.\r\n\r\n### 3. Малосерийное производство\r\nFDM подходит для:\r\n- производства изделий под заказ и малых партий;\r\n- быстрой адаптации изделий под клиента;\r\n- кастомизации устройств без переоснастки.\r\n\r\n---\r\n\r\n## Преимущества FDM в разработке электроники\r\n\r\n- Итерации за часы, не недели  \r\n- Высокая адаптивность под любую плату или сенсор  \r\n- Снижение стоимости на разработку и тестирование  \r\n- Быстрый переход от прототипа к готовому изделию  \r\n\r\n&gt; «Мы сократили цикл от идеи до финального корпуса с 3 недель до 2 дней благодаря FDM-печати»  \r\n&gt; — инженер-разработчик IoT-устройств\r\n\r\n---\r\n\r\n## Какие материалы используют\r\n\r\n| Материал | Назначение |\r\n|----------|------------|\r\n| **ABS, ASA, PETG** | Корпуса с хорошей ударопрочностью |\r\n| **PC, PC-ABS** | Термостойкие и прочные оболочки |\r\n| **TPU** | Амортизирующие и гибкие элементы |\r\n| **ESD-пластики** | Защита от электростатических разрядов |\r\n\r\n---\r\n\r\n## Реальные кейсы\r\n\r\n- Производители умного дома печатают тестовые корпуса и крепления к стене  \r\n- Медтех делает корпуса для портативной диагностики  \r\n- Академические лаборатории печатают установки для экспериментов и испытаний  \r\n\r\n---\r\n\r\n## Protype — FDM-принтер для современной электроники\r\n\r\nИдеален для стартапов, НИОКР, производственных инженеров и интеграторов:\r\n- Интегрированный слайсер и экран — настройка без внешнего ПК  \r\n- Фильтрация воздуха (HEPA) — безопасен в офисе или лаборатории  \r\n- Две независимые головы — можно печатать гибкие и жёсткие материалы одновременно  \r\n- Автоматическая смена филамента — подходит для серийной печати  \r\n\r\n### Хотите ускорить прототипирование и запуск новых устройств?  \r\nОставьте заявку — мы покажем, как Protype может изменить ваш подход к разработке.",
    "image": "",
    "is_published": true,
    "published_at": "2025-10-06T19:47:06.400Z",
    "sort_order": 0,
    "related_item": 10
  }
},
{
  "model": "pages.applicationarticle",
  "pk": 9,
  "fields": {
    "created_at": "2025-10-06T19:51:53.868Z",
    "updated_at": "2025-10-28T16:17:11.087Z",
    "title": "3D-печать в автопроме: как FDM-технология ускоряет разработку и производство авто",
    "slug": "3d-pechat-v-avtoprome-kak-fdm-tehnologiya-uskoryaet-razrabotku-i-proizvodstvo-avto",
    "preview": "Автомобильная отрасль — это вечная гонка: за скоростью, надёжностью и инновациями. Сегодня производители всё активнее внедряют FDM 3D-печать в свои конвейеры и исследовательские центры, чтобы ускорить разработку и снизить затраты.",
    "body": "```markdown\r\n# 3D-печать в автопроме: как FDM-технология ускоряет разработку и производство автомобилей\r\n\r\n> От идеи — к детали за сутки  \r\n> Автомобильная отрасль — это вечная гонка: за скоростью, надёжностью и инновациями. Сегодня производители всё активнее внедряют FDM 3D-печать в свои конвейеры и исследовательские центры, чтобы ускорить разработку и снизить затраты.\r\n\r\n---\r\n\r\n## Где используется FDM-печать в автопроме\r\n\r\n### 1. Прототипы и предсерийные образцы\r\nИнженеры печатают:\r\n- корпуса фар, зеркал и воздухозаборников;\r\n- интерьерные элементы — панели, держатели;\r\n- компоненты для аэродинамических испытаний.\r\n\r\n### 2. Оснастка и инструментальная оснастка\r\nНа принтере создают:\r\n- шаблоны сборки, направляющие, приспособления;\r\n- крепления для датчиков и камер;\r\n- ручные и пневматические инструменты.\r\n\r\n### 3. Детали для ремонта и кастомизации\r\nСервисные центры и тюнинг-ателье печатают:\r\n- нестандартные заглушки, кронштейны, накладки;\r\n- адаптеры для установок нестандартного оборудования;\r\n- кастомные элементы под заказ.\r\n\r\n---\r\n\r\n## Почему автопроизводители выбирают FDM\r\n\r\n- **Скорость** — от CAD до детали за 24–48 часов  \r\n- **Экономия** — снижение затрат на оснастку и R&D  \r\n- **Гибкость** — легко переключаться между проектами и материалами  \r\n- **Прототипирование на уровне конвейера** — ускорение вывода продукта на рынок  \r\n\r\n---\r\n\r\n## Какие материалы используют в автопроме\r\n\r\n| Материал | Назначение |\r\n|----------|------------|\r\n| **ABS, ASA** | Прочные визуальные прототипы |\r\n| **PA12 CF / GF, PC** | Инженерные и термостойкие материалы |\r\n| **TPU** | Гибкие элементы, уплотнители, демпферы |\r\n| **PETG** | Ударопрочные прозрачные изделия |\r\n\r\n---\r\n\r\n## Примеры применения\r\n\r\n- **BMW** печатает более 100 000 деталей в год: от креплений до сборочной оснастки  \r\n- **Ford** использует FDM для разработки эргономичного инструмента в сборочных зонах  \r\n- **Porsche** предлагает клиентам кастомные напечатанные элементы интерьера и отделки  \r\n\r\n---\r\n\r\n## Принтер Protype — промышленное решение для автопроизводителей и R&D-отделов\r\n\r\nНаша система создана с учётом реальных требований автопрома:\r\n- **Закрытая активная термокамера** — стабильно печатает PC, PA-CF, TPU  \r\n- **Сменные головки** — быстрое переключение между мягкими и жёсткими материалами  \r\n- **Каскадная подача филамента** — печать без остановки  \r\n- **HEPA-фильтрация** — безопасна для установки в офисе или лаборатории  \r\n\r\n### Хотите протестировать на своих проектах?  \r\nОставьте заявку на демо — мы привезём, установим и запустим принтер прямо у вас.",
    "image": "",
    "is_published": false,
    "published_at": "2025-10-06T19:51:53.868Z",
    "sort_order": 0,
    "related_item": 11
  }
},
{
  "model": "pages.service",
  "pk": 1,
  "fields": {
    "created_at": "2025-08-28T09:48:44.037Z",
    "updated_at": "2025-10-15T19:25:52.821Z",
    "parent_block": 8,
    "service_type": "implementation",
    "title": "Внедрение 3D-принтера",
    "sort_order": 0,
    "icon": 13,
    "is_system": true
  }
},
{
  "model": "pages.service",
  "pk": 2,
  "fields": {
    "created_at": "2025-08-28T09:54:14.807Z",
    "updated_at": "2025-10-15T19:14:57.084Z",
    "parent_block": 8,
    "service_type": "custom_equipment",
    "title": "Разработка оборудования под ключ",
    "sort_order": 0,
    "icon": 14,
    "is_system": true
  }
},
{
  "model": "pages.serviceroadmapitem",
  "pk": 1,
  "fields": {
    "created_at": "2025-08-28T09:48:44.041Z",
    "updated_at": "2025-08-28T09:48:44.041Z",
    "service": 1,
    "text": "Выезд специалиста",
    "sort_order": 0,
    "is_system": true
  }
},
{
  "model": "pages.serviceroadmapitem",
  "pk": 2,
  "fields": {
    "created_at": "2025-08-28T09:48:44.042Z",
    "updated_at": "2025-08-28T09:48:44.042Z",
    "service": 1,
    "text": "Анализ ваших потребностей",
    "sort_order": 0,
    "is_system": true
  }
},
{
  "model": "pages.serviceroadmapitem",
  "pk": 3,
  "fields": {
    "created_at": "2025-08-28T09:48:44.043Z",
    "updated_at": "2025-08-28T09:48:44.043Z",
    "service": 1,
    "text": "Расчёт окупаемости",
    "sort_order": 0,
    "is_system": true
  }
},
{
  "model": "pages.serviceroadmapitem",
  "pk": 4,
  "fields": {
    "created_at": "2025-08-28T09:48:44.043Z",
    "updated_at": "2025-08-28T09:48:44.043Z",
    "service": 1,
    "text": "Подбор оборудования и расходных материалов",
    "sort_order": 0,
    "is_system": true
  }
},
{
  "model": "pages.serviceroadmapitem",
  "pk": 5,
  "fields": {
    "created_at": "2025-08-28T09:48:44.043Z",
    "updated_at": "2025-08-28T09:48:44.043Z",
    "service": 1,
    "text": "Интеграция в процессы",
    "sort_order": 0,
    "is_system": true
  }
},
{
  "model": "pages.serviceroadmapitem",
  "pk": 6,
  "fields": {
    "created_at": "2025-08-28T09:48:44.044Z",
    "updated_at": "2025-08-28T09:48:44.044Z",
    "service": 1,
    "text": "Поддержка и сервис",
    "sort_order": 0,
    "is_system": true
  }
},
{
  "model": "pages.serviceroadmapitem",
  "pk": 7,
  "fields": {
    "created_at": "2025-08-28T09:54:14.811Z",
    "updated_at": "2025-08-28T09:54:14.811Z",
    "service": 2,
    "text": "Выезд специалиста",
    "sort_order": 0,
    "is_system": true
  }
},
{
  "model": "pages.serviceroadmapitem",
  "pk": 8,
  "fields": {
    "created_at": "2025-08-28T09:54:14.814Z",
    "updated_at": "2025-08-28T09:54:14.814Z",
    "service": 2,
    "text": "Анализ ваших потребностей",
    "sort_order": 0,
    "is_system": true
  }
},
{
  "model": "pages.serviceroadmapitem",
  "pk": 9,
  "fields": {
    "created_at": "2025-08-28T09:54:14.814Z",
    "updated_at": "2025-08-28T09:54:14.814Z",
    "service": 2,
    "text": "Расчет окупаемости",
    "sort_order": 0,
    "is_system": true
  }
},
{
  "model": "pages.serviceroadmapitem",
  "pk": 10,
  "fields": {
    "created_at": "2025-08-28T09:54:14.814Z",
    "updated_at": "2025-08-28T09:54:14.814Z",
    "service": 2,
    "text": "Подбор оборудования и расходных материалов",
    "sort_order": 0,
    "is_system": true
  }
},
{
  "model": "pages.serviceroadmapitem",
  "pk": 11,
  "fields": {
    "created_at": "2025-08-28T09:54:14.815Z",
    "updated_at": "2025-08-28T09:54:14.815Z",
    "service": 2,
    "text": "Интеграция в процессы",
    "sort_order": 0,
    "is_system": true
  }
},
{
  "model": "pages.serviceroadmapitem",
  "pk": 12,
  "fields": {
    "created_at": "2025-08-28T09:54:14.816Z",
    "updated_at": "2025-08-28T09:54:14.816Z",
    "service": 2,
    "text": "Поддержка и сервис",
    "sort_order": 0,
    "is_system": true
  }
},
{
  "model": "pages.serviceofferitem",
  "pk": 1,
  "fields": {
    "created_at": "2025-08-28T09:48:44.044Z",
    "updated_at": "2025-08-28T09:48:44.044Z",
    "service": 1,
    "text": "Подбор оптимального оборудования",
    "sort_order": 0,
    "is_system": true
  }
},
{
  "model": "pages.serviceofferitem",
  "pk": 2,
  "fields": {
    "created_at": "2025-08-28T09:48:44.044Z",
    "updated_at": "2025-08-28T09:48:44.044Z",
    "service": 1,
    "text": "Аудит текущего производства",
    "sort_order": 0,
    "is_system": true
  }
},
{
  "model": "pages.serviceofferitem",
  "pk": 3,
  "fields": {
    "created_at": "2025-08-28T09:48:44.044Z",
    "updated_at": "2025-08-28T09:48:44.044Z",
    "service": 1,
    "text": "Настройка обучение и сопровождение",
    "sort_order": 0,
    "is_system": true
  }
},
{
  "model": "pages.serviceofferitem",
  "pk": 4,
  "fields": {
    "created_at": "2025-08-28T09:54:14.816Z",
    "updated_at": "2025-08-28T09:54:14.817Z",
    "service": 2,
    "text": "Подбор оптимального оборудования",
    "sort_order": 0,
    "is_system": true
  }
},
{
  "model": "pages.serviceofferitem",
  "pk": 5,
  "fields": {
    "created_at": "2025-08-28T09:54:14.817Z",
    "updated_at": "2025-08-28T09:54:14.817Z",
    "service": 2,
    "text": "Аудит текущего производства",
    "sort_order": 0,
    "is_system": true
  }
},
{
  "model": "pages.serviceofferitem",
  "pk": 6,
  "fields": {
    "created_at": "2025-08-28T09:54:14.818Z",
    "updated_at": "2025-08-28T09:54:14.818Z",
    "service": 2,
    "text": "Настройка обучения и сопровождения",
    "sort_order": 0,
    "is_system": true
  }
},
{
  "model": "pages.contactfooter",
  "pk": 1,
  "fields": {
    "created_at": "2025-10-18T08:57:07.387Z",
    "updated_at": "2025-10-24T19:15:06.355Z",
    "title": "HUB42",
    "subtitle": "3D-принтеры для промышленных целей",
    "office_address": "г. Минск, Аранская 8, 5 этаж, офис 516, БЦ Caspian Piaza",
    "office_phone": "+375 29 6999999",
    "email": "office@hub.by",
    "user_agreement": "# Пользовательское соглашение\r\nНастоящая Политика конфиденциальности регулирует порядок обработки и защиты персональных данных пользователей, собираемых Обществом с ограниченной ответственностью «Аркос-Трейд» (УНП: 190421658), далее — «Оператор», при использовании сайта protype.by и связанных с ним сервисов (далее — «Сервис»).\r\n1. Общие положения\r\nНастоящая Политика применяется ко всем пользователям Сервиса. Используя Сервис, вы соглашаетесь с настоящей Политикой и даёте согласие на обработку ваших персональных данных.\r\n2. Персональные данные, которые мы собираем\r\nМы собираем только те персональные данные, которые вы добровольно указываете в форме заявки на сайте. Это может быть ваше имя, номер телефона, адрес электронной почты и, при необходимости, адрес.\r\n3. Цели обработки персональных данных\r\nСбор и обработка персональных данных осуществляется исключительно для обратной связи с вами по вашему запросу, направленному через форму заявки.\r\n4. Правовые основания обработки\r\nОбработка осуществляется на основании статьи 6 Закона Республики Беларусь «О защите персональных данных», а также вашего согласия, выраженного при заполнении формы.\r\n5. Условия хранения и защиты данных\r\nВаши данные хранятся в защищённой среде с ограниченным доступом. Мы применяем технические и организационные меры для их защиты. Данные не хранятся дольше, чем это необходимо для целей обработки.\r\n6. Передача данных третьим лицам\r\nМы не передаём ваши данные третьим лицам. Исключением может быть передача по законному требованию государственных органов Республики Беларусь.\r\n7. Использование файлов cookies\r\nСайт protype.by может использовать cookies исключительно для обеспечения корректной работы и удобства пользователя. Вы можете отключить cookies в настройках своего браузера, однако это может повлиять на функциональность сайта.\r\n8. Права пользователя\r\nВы имеете право запросить доступ к своим персональным данным, потребовать их исправления или удаления, отозвать своё согласие на обработку, а также подать жалобу в уполномоченный орган по защите персональных данных Республики Беларусь.\r\n9. Контактная информация оператора\r\nПо вопросам, связанным с обработкой персональных данных, вы можете связаться с Оператором по следующим контактам:\r\nООО «Аркос-Трейд»\r\nУНП: 190421658\r\nEmail: office@protype.by\r\nТелефон: +375 29 335-41-52\r\n10. Изменения политики\r\nМы вправе вносить изменения в настоящую Политику. Актуальная версия всегда доступна на сайте protype.by.\r\nДата последнего обновления: 15.06.2025",
    "privacy_policy": "# Политика конфиденциальности",
    "is_system": true
  }
},
{
  "model": "equipment.category",
  "pk": 4,
  "fields": {
    "created_at": "2025-09-19T14:14:31.070Z",
    "updated_at": "2025-09-19T14:14:31.070Z",
    "name": "Принтеры",
    "slug": "printery"
  }
},
{
  "model": "equipment.category",
  "pk": 5,
  "fields": {
    "created_at": "2025-09-19T17:19:00.366Z",
    "updated_at": "2025-09-19T17:19:00.366Z",
    "name": "Сушильные шкафы",
    "slug": "sushilnye-shkafy"
  }
},
{
  "model": "equipment.product",
  "pk": 1,
  "fields": {
    "created_at": "2025-09-19T17:07:52.940Z",
    "updated_at": "2025-10-30T18:31:43.701Z",
    "icon": 16,
    "category": 4,
    "name": "CD400",
    "slug": "cd400",
    "tagline": "Принтер для серийной печати композитами",
    "description": "ABS, PET-G, PA-6, PA-11, PA-66, PA-12/PA-CF, PC-ABS, TPU, CARBEX, и любые другие инженерные термопласты.\r\n\r\nАктивная термокамера до 90 °C позволяет стабильно печатать детали больших габаритов.",
    "image": "equipment/CD400_BaBbl50.png",
    "is_published": true,
    "price": 0,
    "volume_construction": "400 × 400 × 400 мм",
    "extruders_count": "2 независимых экструдера IDEX (до 320 °C)",
    "bed_max_temp": 150,
    "layer_thickness": "0,05 – 0,75 мм",
    "filament_diameter": "0,3 – 1,2 мм (0,4 мм в комплекте)",
    "print_speed": "до 300 мм/с",
    "positioning_accuracy": "5 µm / 2 µm",
    "surface_of_site": "Закаленное стекло",
    "control": "Сенсорный  экран 22″, LAN, Wi‑Fi",
    "software": "ProtypeOS",
    "dimensions": "1 900×770×920 мм",
    "weight": "380 кг",
    "energy_consumption": "4500Вт макс.",
    "materials": "PLA, ABS, ABS-CF, HIPS, TPU, PET-G, PA-6, PA-11, PA-66, PA-12, PA-CF, PC-ABS, TPU, CARBEX, ULTRAN",
    "guarantee": "12 месяцев",
    "power_supply": "220 В ± 9 %, 50 Гц",
    "additionally": "Автовыравнивание стола; датчик филамента; автоматическая смена филамента; Камера; Автоматическая чистка сопла",
    "purpose": "",
    "heating_type": "",
    "capacity_spools": 0,
    "humidity_and_temperature": "",
    "power_consumption": "",
    "noise_level": "",
    "integration": "",
    "compressed_air": "",
    "product_type": "printer",
    "sort_order": 0
  }
},
{
  "model": "equipment.product",
  "pk": 2,
  "fields": {
    "created_at": "2025-09-19T17:17:06.394Z",
    "updated_at": "2025-09-19T17:17:06.394Z",
    "icon": 15,
    "category": 4,
    "name": "CD400HT",
    "slug": "cd400ht",
    "tagline": "Принтер печати высокотемпературными композитами",
    "description": "Все композиты из модели CD400 + РЕЕК, РЕКК, ULTEM и другие композиты с температурой печати до 520 °C.\r\nАктивная термокамера до 150 °С позволяет стабильно печатать детали больших габаритов.\r\nАктивная термокамера до 90 °C позволяет стабильно печатать детали больших габаритов.",
    "image": "equipment/CD400HT_3u7AYlV.png",
    "is_published": true,
    "price": 0,
    "volume_construction": "350 × 350 × 400 мм",
    "extruders_count": "2 независимых экструдера IDEX (до 550 °C)",
    "bed_max_temp": 150,
    "layer_thickness": "0,05 – 0,75 мм",
    "filament_diameter": "0,3 – 1,2 мм (0,4 мм в комплекте)",
    "print_speed": "до 300 мм/с",
    "positioning_accuracy": "5 µm / 2 µm",
    "surface_of_site": "Закаленное стекло",
    "control": "Сенсорный экран 22″, LAN, Wi‑Fi",
    "software": "ProtypeOS",
    "dimensions": "1 900×770×920 мм",
    "weight": "380 кг",
    "energy_consumption": "4500Вт макс.",
    "materials": "PLA, ABS, ABS-CF, HIPS, TPU, PET-G, PA-6, PA-11, PA-66, PA-12, PA-CF, PC-ABS, TPU, CARBEX, ULTRAN, PEEK, PEKK, ULTEM",
    "guarantee": "12 месяцев",
    "power_supply": "220 В ± 9 %, 50 Гц, 4 500 Вт Макс.",
    "additionally": "Автовыравнивание стола; датчик филамента; автоматическая смена филамента; Камера; Автоматическая чистка сопла;",
    "purpose": "",
    "heating_type": "",
    "capacity_spools": 0,
    "humidity_and_temperature": "",
    "power_consumption": "",
    "noise_level": "",
    "integration": "",
    "compressed_air": "",
    "product_type": "printer",
    "sort_order": 0
  }
},
{
  "model": "equipment.product",
  "pk": 3,
  "fields": {
    "created_at": "2025-09-19T17:39:35.482Z",
    "updated_at": "2025-10-29T17:44:28.182Z",
    "icon": 17,
    "category": 5,
    "name": "FILO",
    "slug": "filo",
    "tagline": "Индустриальный сушильный шкаф",
    "description": "Равномерная сушка до 12 катушек \r\nпо 3 килограмма.\r\nЗакрытая система с термостатом и активной вентиляцией.\r\nИдеален для высокотемпературных и гигроскопичных пластиков - от PETG до РЕЕК и ULTEM",
    "image": "equipment/FILO.png",
    "is_published": true,
    "price": 0,
    "volume_construction": "",
    "extruders_count": "",
    "bed_max_temp": null,
    "layer_thickness": "0,05 – 0,75 мм",
    "filament_diameter": "",
    "print_speed": "",
    "positioning_accuracy": "",
    "surface_of_site": "",
    "control": "Сенсорный экран 22″, LAN, Wi‑Fi",
    "software": "",
    "dimensions": "1150 × 800 × 1950 мм",
    "weight": "310 кг",
    "energy_consumption": "",
    "materials": "",
    "guarantee": "12 месяцев",
    "power_supply": "",
    "additionally": "",
    "purpose": "Подходит для непрерывного производства и ферм с несколькими принтерами",
    "heating_type": "Однородный нагрев, замкнутый контур с осушителем",
    "capacity_spools": 12,
    "humidity_and_temperature": "Стабильная влажность до 0.5–1%, температура до 100 °C",
    "power_consumption": "3 кВт",
    "noise_level": "Менее 60 дБ",
    "integration": "Совместимость с ProType, подключение до 3 CD400 или CD400HT",
    "compressed_air": "Не требуется",
    "product_type": "dryer",
    "sort_order": 0
  }
},
{
  "model": "equipment.productimage",
  "pk": 3,
  "fields": {
    "created_at": "2025-09-24T18:43:34.914Z",
    "updated_at": "2025-09-24T18:43:34.914Z",
    "product": 1,
    "image": "equipment/gallery/CD400_CTzdhgz.png",
    "alt": "",
    "sort_order": 0
  }
},
{
  "model": "blog.post",
  "pk": 1,
  "fields": {
    "created_at": "2025-08-19T20:50:16.911Z",
    "updated_at": "2025-11-07T07:49:17.378Z",
    "title": "Библиотека request",
    "image": "post/rectangle_2_d2Y2jvM.png",
    "slug": "biblioteka-request",
    "preview": "Новый 3D-принтер HUB42-X1 открывает эру быстрой и недорогой индустриальной печати. Узнайте, как он справляется с алюминиевыми сплавами и какие отрасли уже экономят миллионы.",
    "body": "![Подпись](/media/post/rectangle_2.png)\r\n\r\n# Библиотека `requests` — это\r\n\r\n**HTTP-библиотека для Python**, которая делает работу с веб-запросами невероятно простой и человекочитаемой. Это де-факто стандарт для выполнения HTTP-запросов в Python.\r\n\r\n## Основное назначение\r\n\r\nОтправка и получение данных по HTTP/HTTPS:\r\n- Получить веб-страницу или API-ответ\r\n- Отправить форму или JSON-данные\r\n- Работа с cookies, заголовками и аутентификацией\r\n- Загрузка файлов\r\n\r\n## Пример: \"До\" и \"После\"\r\n\r\n**Без requests (стандартный urllib):**\r\n```python\r\nimport urllib.request\r\nimport json\r\n\r\nreq = urllib.request.Request('https://api.example.com/data')\r\nreq.add_header('User-Agent', 'MyApp/1.0')\r\nwith urllib.request.urlopen(req) as response:\r\n    data = json.loads(response.read())\r\n```\r\n\r\n**С requests:**\r\n```python\r\nimport requests\r\n\r\nresponse = requests.get('https://api.example.com/data', \r\n                       headers={'User-Agent': 'MyApp/1.0'})\r\ndata = response.json()\r\n```\r\n\r\n## Ключевые возможности\r\n\r\n| Функция | Описание |\r\n|---------|----------|\r\n| `requests.get()` | GET-запрос (получение данных) |\r\n| `requests.post()` | POST-запрос (отправка данных) |\r\n| `requests.put()` / `.delete()` | PUT, DELETE и другие методы |\r\n| `response.json()` | Автоматический парсинг JSON |\r\n| `response.text` | Текстовое содержимое ответа |\r\n| `response.status_code` | HTTP-код статуса (200, 404 и т.д.) |\r\n| `params=...` | Автоматическая подстановка параметров в URL |\r\n| `headers=...` | Установка заголовков |\r\n| `cookies=...` | Работа с cookies |\r\n| `timeout=...` | Установка таймаута |\r\n| `auth=...` | Базовая аутентификация |\r\n\r\n## Установка\r\n\r\n```bash\r\npip install requests\r\n```\r\n\r\n## Практический пример\r\n\r\n```python\r\nimport requests\r\n\r\n# GET-запрос с параметрами\r\nresponse = requests.get(\r\n    'https://api.github.com/search/repositories',\r\n    params={'q': 'language:python'},\r\n    timeout=5\r\n)\r\n\r\nprint(f\"Статус: {response.status_code}\")\r\nprint(f\"Найдено: {response.json()['total_count']} репозиториев\")\r\n```\r\n\r\n**Requests превращает сложный HTTP-клиент в простой и интуитивно понятный инструмент.**",
    "status": "published",
    "published_at": "2025-10-23T19:47:55Z",
    "meta_description": "Обзор нового 3D-принтера HUB42-X1: скорость 200 мм/с, точность ±0.05 мм, цена от 250 000 ₽. Подробности внутри!"
  }
},
{
  "model": "blog.post",
  "pk": 2,
  "fields": {
    "created_at": "2025-10-24T17:31:04.853Z",
    "updated_at": "2025-11-07T07:49:50.667Z",
    "title": "Библиотека NumPy",
    "image": "post/rectangle_3_mQ4zJYZ.png",
    "slug": "biblioteka-numpy",
    "preview": "Новый 3D-принтер HUB42-X1 открывает эру быстрой и недорогой индустриальной печати. Узнайте, как он справляется с алюминиевыми сплавами и какие отрасли уже экономят миллионы.",
    "body": "![Подпись](/media/post/rectangle_3.png)\r\n\r\n### Что такое NumPy?\r\nNumPy — библиотека Python, используемая для работы с массивами.\r\n\r\nОн также имеет функции для работы в области линейной алгебры, преобразования Фурье и матриц.\r\n\r\nNumPy был создан в 2005 году Трэвисом Олифантом. Это проект с открытым исходным кодом, и вы можете использовать его бесплатно.\r\n\r\nNumPy означает Numerical Python.\r\n\r\nЗачем использовать NumPy?\r\nВ Python есть списки, которые выполняют функцию массивов, но они медленно обрабатываются.\r\n\r\nNumPy стремится предоставить объект массива, который в 50 раз быстрее традиционных списков Python.\r\n\r\nОбъект массива в NumPy называется ndarray, он предоставляет множество вспомогательных функций, которые ndarrayзначительно упрощают работу с ним.\r\n\r\nМассивы очень часто используются в науке о данных, где скорость и ресурсы имеют большое значение.\r\n\r\n### Тестовая таблица\r\n\r\n|  a | b  | c  |\r\n| ------------ | ------------ | ------------ |\r\n| 1  | 2  | 3  |\r\n| 4  | 5  | 6  |\r\n| 7  | 8  | 9  |\r\n| 10  | 11  | 12  |\r\n|  13 | 14  | 15  |\r\n\r\n### Математические формулы\r\n\r\n$$F = G \\frac{m_1 m_2}{r^2}$$\r\n\r\n$$\r\n\\int_{-\\infty}^{\\infty} e^{-x^2}\\,dx = \\sqrt{\\pi}\r\n$$\r\n\r\n### Тестовый список\r\n- строка 1\r\n- строка 2\r\n- строка 3\r\n\r\n1. строка_1\r\n2. строка_2\r\n\r\n### Строки кода\r\n```python\r\nclass Category(TimeStampedModel):\r\n    name = models.CharField(max_length=64, verbose_name=\"Название\")\r\n    slug = models.SlugField(unique=True, verbose_name=\"URL\")\r\n\r\n    class Meta:\r\n        verbose_name = \"Категория\"\r\n        verbose_name_plural = \"Категории\"\r\n        ordering = [\"name\"]\r\n```\r\n\r\n### Блок с цитатами\r\n\r\n> Цитаты к статье",
    "status": "published",
    "published_at": "2025-10-24T17:30:50Z",
    "meta_description": "Обзор нового 3D-принтера HUB42-X1: скорость 200 мм/с, точность ±0.05 мм, цена от 250 000 ₽. Подробности внутри!"
  }
},
{
  "model": "blog.post",
  "pk": 3,
  "fields": {
    "created_at": "2025-10-24T17:32:51.769Z",
    "updated_at": "2025-11-07T07:51:35.601Z",
    "title": "Фреймворк Django",
    "image": "post/rectangle_3_G9cPs8V.png",
    "slug": "frejmvork-django",
    "preview": "Новый 3D-принтер HUB42-X1 открывает эру быстрой и недорогой индустриальной печати. Узнайте, как он справляется с алюминиевыми сплавами и какие отрасли уже экономят миллионы.",
    "body": "![Подпись](/media/post/rectangle_2.png)\r\n\r\n**Фреймворк Django — это**\r\n\r\n**Полноценный веб-фреймворк для Python**, который следует принципу **\"batteries included\"** — поставляется со всем необходимым для создания масштабируемых веб-приложений \"из коробки\".\r\n\r\n---\r\n\r\n## Основное назначение\r\n\r\nБыстрая разработка сложных веб-сайтов и API с минимальным количеством рутинного кода. Django берет на себя:\r\n\r\n- Приём HTTP-запросов и маршрутизацию\r\n- Работу с базой данных (ORM)\r\n- Административный интерфейс\r\n- Аутентификацию и авторизацию\r\n- Защиту от уязвимостей (SQL-инъекции, XSS, CSRF)\r\n- Управление статическими файлами и медиа\r\n\r\n---\r\n\r\n## Философия\r\n\r\n- **MTV (Model-Template-View)** — паттерн архитектуры\r\n- **DRY (Don't Repeat Yourself)** — минимум дублирования\r\n- **Convention over Configuration** — разумные значения по умолчанию\r\n- **Явное лучше неявного** — код должен быть понятным\r\n\r\n---\r\n\r\n## Ключевые возможности\r\n\r\n| Компонент | Что делает |\r\n|-----------|------------|\r\n| **ORM** | Работа с БД через Python-классы (не пишете SQL) |\r\n| **Админка** | Готовый интерфейс для управления данными |\r\n| **Маршрутизатор (URLs)** | Чистая система маршрутов с регулярными выражениями |\r\n| **Шаблонизатор** | Мощная система HTML-шаблонов |\r\n| **Формы** | Автогенерация, валидация, защита от CSRF |\r\n| **Аутентификация** | Система пользователей, групп, прав (готова к использованию) |\r\n| **Middleware** | Обработка запросов/ответов на всех этапах |\r\n| **Migrations** | Контроль версий структуры БД |\r\n\r\n---\r\n\r\n## Структура проекта\r\n\r\n```\r\nmyproject/\r\n├── manage.py          # Управляющий скрипт\r\n├── myproject/         # Настройки проекта\r\n│   ├── settings.py\r\n│   ├── urls.py\r\n│   └── wsgi.py\r\n└── myapp/             # Приложение (логика)\r\n    ├── models.py      # Модели БД\r\n    ├── views.py       # Представления\r\n    ├── urls.py        # Маршруты приложения\r\n    └── templates/     # HTML-шаблоны\r\n```\r\n\r\n---\r\n\r\n## Установка\r\n\r\n```bash\r\npip install django\r\ndjango-admin startproject myproject\r\ncd myproject\r\npython manage.py startapp myapp\r\n```\r\n\r\n---\r\n\r\n## Практический пример\r\n\r\n```python\r\n# myapp/models.py\r\nfrom django.db import models\r\n\r\nclass Article(models.Model):\r\n    title = models.CharField(max_length=200)\r\n    content = models.TextField()\r\n    published = models.DateTimeField(auto_now_add=True)\r\n\r\n# myapp/views.py\r\nfrom django.shortcuts import render\r\nfrom .models import Article\r\n\r\ndef article_list(request):\r\n    articles = Article.objects.all()[:10]\r\n    return render(request, 'list.html', {'articles': articles})\r\n\r\n# myapp/urls.py\r\nfrom django.urls import path\r\nfrom . import views\r\n\r\nurlpatterns = [\r\n    path('articles/', views.article_list, name='article-list'),\r\n]\r\n\r\n# myproject/urls.py (подключить)\r\nfrom django.contrib import admin\r\nfrom django.urls import include, path\r\n\r\nurlpatterns = [\r\n    path('admin/', admin.site.urls),\r\n    path('', include('myapp.urls')),\r\n]\r\n```\r\n\r\n**Django превращает разработку веб-приложений в упорядоченный, быстрый и безопасный процесс.**",
    "status": "published",
    "published_at": "2025-10-24T17:32:33Z",
    "meta_description": "Обзор нового 3D-принтера HUB42-X1: скорость 200 мм/с, точность ±0.05 мм, цена от 250 000 ₽. Подробности внутри!"
  }
},
{
  "model": "blog.post",
  "pk": 4,
  "fields": {
    "created_at": "2025-10-24T17:35:06.334Z",
    "updated_at": "2025-11-10T13:38:59.798Z",
    "title": "Фреймоврк REACT",
    "image": "post/rectangle_2_zhpMb1J.png",
    "slug": "frejmovrk-react",
    "preview": "Новый 3D-принтер HUB42-X1 открывает эру быстрой и недорогой индустриальной печати. Узнайте, как он справляется с алюминиевыми сплавами и какие отрасли уже экономят миллионы.",
    "body": "![Подпись](/media/post/rectangle_2.png)\r\n\r\n**React — это**\r\n\r\n**JavaScript-библиотека для построения пользовательских интерфейсов** (хотя в современной разработке её часто называют фреймворком из-за обширной экосистемы). Разработана Facebook (Meta) для создания интерактивных одностраничных приложений (SPA).\r\n\r\n---\r\n\r\n## Основное назначение\r\n\r\nСоздание динамичных, быстрых и масштабируемых UI с помощью **компонентного подхода**. React позволяет разбить интерфейс на независимые, переиспользуемые блоки и автоматически обновляет только изменённые части страницы.\r\n\r\n---\r\n\r\n## Ключевые концепции\r\n\r\n| Концепция | Описание |\r\n|-----------|----------|\r\n| **Virtual DOM** | Виртуальное представление DOM для максимально быстрых обновлений |\r\n| **JSX** | Синтаксис, позволяющий писать HTML внутри JavaScript |\r\n| **Компоненты** | Всё — это компоненты: функции, возвращающие UI |\r\n| **Props** | Поток данных от родителя к дочерним компонентам |\r\n| **State** | Внутреннее состояние компонента (reactive) |\r\n| **Hooks** | Современный способ управления состоянием (useState, useEffect) |\r\n\r\n---\r\n\r\n## Установка и запуск\r\n\r\n```bash\r\n# Создать новое React-приложение\r\nnpx create-react-app my-app\r\ncd my-app\r\nnpm start\r\n```\r\n\r\n---\r\n\r\n## Практический пример\r\n\r\n```jsx\r\n// Пример современного функционального компонента\r\nimport React, { useState } from 'react';\r\n\r\nfunction Counter() {\r\n  // Хук состояния\r\n  const [count, setCount] = useState(0);\r\n\r\n  return (\r\n    <div style={{ textAlign: 'center', padding: '50px' }}>\r\n      <h1>Счётчик: {count}</h1>\r\n      <button onClick={() => setCount(count + 1)}>\r\n        Увеличить\r\n      </button>\r\n      <button onClick={() => setCount(0)}>\r\n        Сбросить\r\n      </button>\r\n    </div>\r\n  );\r\n}\r\n\r\nexport default Counter;\r\n```\r\n\r\n---\r\n\r\n## Что React решает из коробки\r\n\r\n✅ **Мощная реактивность** — UI автоматически обновляется при изменении данных  \r\n✅ **Компонентная архитектура** — легко переиспользовать код  \r\n✅ **Огромная экосистема** — Redux, React Router, Next.js  \r\n✅ **React Native** — тот же код для iOS/Android  \r\n✅ **DevTools** — расширение браузера для отладки  \r\n\r\n**React превращает создание сложных интерфейсов в модульный, предсказуемый и высокопроизводительный процесс.**",
    "status": "published",
    "published_at": "2025-10-24T17:34:15Z",
    "meta_description": "Обзор нового 3D-принтера HUB42-X1: скорость 200 мм/с, точность ±0.05 мм, цена от 250 000 ₽. Подробности внутри!"
  }
},
{
  "model": "blog.post",
  "pk": 5,
  "fields": {
    "created_at": "2025-10-24T17:36:09.570Z",
    "updated_at": "2025-11-10T13:40:31.451Z",
    "title": "ОПП Python",
    "image": "post/rectangle_3_fTIde16.png",
    "slug": "opp-python",
    "preview": "Новый 3D-принтер HUB42-X1 открывает эру быстрой и недорогой индустриальной печати. Узнайте, как он справляется с алюминиевыми сплавами и какие отрасли уже экономят миллионы.",
    "body": "![Подпись](/media/post/rectangle_2.png)\r\n\r\n#**ООП в Python — это**\r\n\r\n**Парадигма программирования**, которая объединяет данные и функции в единые сущности — **объекты**, позволяя создавать модульные, переиспользуемые и легко поддерживаемые программы через моделирование реальных сущностей и их взаимодействий.\r\n\r\n---\r\n\r\n## Ключевые концепции\r\n\r\n| Концепция | Описание |\r\n|-----------|----------|\r\n| **Класс и объект** | Класс — это \"чертеж\" (структура), объект — конкретный экземпляр |\r\n| **Наследование** | Создание новых классов на основе существующих (переиспользование кода) |\r\n| **Инкапсуляция** | Сокрытие внутреннего состояния (приватные атрибуты) и предоставление публичного интерфейса |\r\n| **Полиморфизм** | Возможность использовать объекты разных классов с одинаковым интерфейсом |\r\n| **Абстракция** | Выделение главных характеристик, отделение от деталей реализации |\r\n\r\n---\r\n\r\n## Практический пример\r\n\r\n```python\r\nfrom abc import ABC, abstractmethod\r\n\r\nclass BankAccount(ABC):\r\n    \"\"\"Абстрактный класс банковского счёта\"\"\"\r\n    \r\n    def __init__(self, owner: str, balance: float = 0):\r\n        self.owner = owner\r\n        self.__balance = balance  # Приватный атрибут (инкапсуляция)\r\n    \r\n    @property\r\n    def balance(self) -> float:\r\n        return self.__balance\r\n    \r\n    def deposit(self, amount: float) -> None:\r\n        if amount > 0:\r\n            self.__balance += amount\r\n    \r\n    @abstractmethod\r\n    def withdraw(self, amount: float) -> bool:\r\n        \"\"\"Абстрактный метод — каждый счёт снимает по-своему\"\"\"\r\n        pass\r\n\r\nclass CheckingAccount(BankAccount):\r\n    \"\"\"Расчётный счёт с базовыми правилами снятия\"\"\"\r\n    \r\n    def withdraw(self, amount: float) -> bool:\r\n        if amount <= self.balance:\r\n            self._BankAccount__balance -= amount  # Доступ к приватному атрибуту\r\n            return True\r\n        return False\r\n\r\nclass SavingsAccount(BankAccount):\r\n    \"\"\"Сберегательный счёт с лимитом снятий\"\"\"\r\n    \r\n    def __init__(self, owner: str, balance: float = 0, limit: int = 3):\r\n        super().__init__(owner, balance)\r\n        self.__withdrawal_limit = limit\r\n        self.__withdrawals = 0\r\n    \r\n    def withdraw(self, amount: float) -> bool:\r\n        \"\"\"Полиморфизм: своя логика снятия\"\"\"\r\n        if self.__withdrawals >= self.__withdrawal_limit:\r\n            return False\r\n        if amount <= self.balance:\r\n            self._BankAccount__balance -= amount\r\n            self.__withdrawals += 1\r\n            return True\r\n        return False\r\n\r\n# Использование\r\naccounts: list[BankAccount] = [\r\n    CheckingAccount(\"Иван\", 1000),\r\n    SavingsAccount(\"Мария\", 5000, limit=2)\r\n]\r\n\r\nfor acc in accounts:\r\n    print(f\"{acc.owner}: {acc.balance}₽\")\r\n    print(acc.withdraw(100))  # Полиморфизм: вызывается свой метод\r\n    print(f\"Остаток: {acc.balance}₽\\n\")\r\n```\r\n\r\n---\r\n\r\n**ООП превращает код в понятную систему взаимодействующих объектов, делая сложные приложения управляемыми и расширяемыми.**",
    "status": "published",
    "published_at": "2025-10-24T17:35:58Z",
    "meta_description": "Обзор нового 3D-принтера HUB42-X1: скорость 200 мм/с, точность ±0.05 мм, цена от 250 000 ₽. Подробности внутри!"
  }
},
{
  "model": "blog.post",
  "pk": 6,
  "fields": {
    "created_at": "2025-10-24T17:37:40.912Z",
    "updated_at": "2025-11-11T21:18:34.407Z",
    "title": "Модели в Django",
    "image": "post/rectangle_3_OsAy1KD.png",
    "slug": "modeli-v-django",
    "preview": "Новый 3D-принтер HUB42-X1 открывает эру быстрой и недорогой индустриальной печати. Узнайте, как он справляется с алюминиевыми сплавами и какие отрасли уже экономят миллионы.",
    "body": "![Подпись](/media/post/rectangle_2.png)\r\n\r\n**Модели в Django — это**\r\n\r\n**Слой объектно-реляционного отображения (ORM)**, который превращает таблицы базы данных в **Python-классы**, а записи — в объекты. Это сердце любого Django-приложения, где описывается структура данных, логика работы с ними и связи между сущностями.\r\n\r\n---\r\n\r\n## Ключевые концепции\r\n\r\n| Концепция | Описание |\r\n|-----------|----------|\r\n| **Поля (Fields)** | Определяют тип данных: `CharField`, `IntegerField`, `DateTimeField`, `BooleanField` и др. |\r\n| **Связи** | `ForeignKey` (один-ко-многим), `ManyToManyField`, `OneToOneField` |\r\n| **Методы** | Логика работы с объектом: `__str__()`, `save()`, `delete()`, кастомные методы |\r\n| **Meta-класс** | Настройки модели: сортировка, название в админке, индексы |\r\n| **Менеджеры** | `objects` — интерфейс для запросов в БД (`filter()`, `get()`, `all()`) |\r\n| **Миграции** | `makemigrations` + `migrate` — версионность схемы БД |\r\n| **Админка** | Автоматический интерфейс для управления данными |\r\n\r\n---\r\n\r\n## Практический пример: Блог\r\n\r\n```python\r\nfrom django.db import models\r\nfrom django.contrib.auth.models import User\r\n\r\nclass Category(models.Model):\r\n    \"\"\"Категория статей\"\"\"\r\n    name = models.CharField(max_length=100, unique=True)\r\n    slug = models.SlugField(unique=True)\r\n    \r\n    class Meta:\r\n        verbose_name_plural = \"Categories\"\r\n        ordering = ['name']\r\n    \r\n    def __str__(self):\r\n        return self.name\r\n\r\n\r\nclass Article(models.Model):\r\n    \"\"\"Статья блога\"\"\"\r\n    STATUS_CHOICES = [\r\n        ('draft', 'Черновик'),\r\n        ('published', 'Опубликовано'),\r\n    ]\r\n    \r\n    title = models.CharField(max_length=200)\r\n    slug = models.SlugField(max_length=200, unique_for_date='published_date')\r\n    author = models.ForeignKey(User, on_delete=models.CASCADE, related_name='articles')\r\n    category = models.ForeignKey(Category, on_delete=models.SET_NULL, null=True)\r\n    tags = models.ManyToManyField('Tag', blank=True)\r\n    content = models.TextField()\r\n    status = models.CharField(max_length=10, choices=STATUS_CHOICES, default='draft')\r\n    published_date = models.DateTimeField(auto_now_add=True)\r\n    updated_date = models.DateTimeField(auto_now=True)\r\n    views_count = models.IntegerField(default=0)\r\n    \r\n    class Meta:\r\n        ordering = ['-published_date']\r\n        indexes = [models.Index(fields=['-published_date'])]\r\n    \r\n    def __str__(self):\r\n        return self.title\r\n    \r\n    def get_short_content(self):\r\n        \"\"\"Возвращает первые 150 символов контента\"\"\"\r\n        return f\"{self.content[:150]}...\" if len(self.content) > 150 else self.content\r\n\r\n\r\nclass Tag(models.Model):\r\n    \"\"\"Тег для статей\"\"\"\r\n    name = models.CharField(max_length=50, unique=True)\r\n    \r\n    def __str__(self):\r\n        return self.name\r\n\r\n\r\n# Использование в консоли (python manage.py shell)\r\n# Создание\r\n# category = Category.objects.create(name=\"Python\", slug=\"python\")\r\n# article = Article.objects.create(\r\n#     title=\"О моделях Django\",\r\n#     author=User.objects.first(),\r\n#     category=category,\r\n#     content=\"Подробный текст...\",\r\n#     status=\"published\"\r\n# )\r\n\r\n# Чтение\r\n# published_articles = Article.objects.filter(status='published')\r\n# article = Article.objects.get(slug=\"o-modeljah-django\")\r\n\r\n# Обновление\r\n# article.views_count = 100\r\n# article.save()\r\n\r\n# Удаление\r\n# article.delete()\r\n```\r\n\r\n---\r\n\r\n**Модели Django превращают работу с базой данных в удобную и безопасную работу с Python-объектами, автоматически обрабатывая SQL, валидацию и связи.**",
    "status": "published",
    "published_at": "2025-10-24T17:37:08Z",
    "meta_description": "Обзор нового 3D-принтера HUB42-X1: скорость 200 мм/с, точность ±0.05 мм, цена от 250 000 ₽. Подробности внутри!"
  }
},
{
  "model": "blog.post",
  "pk": 7,
  "fields": {
    "created_at": "2025-11-07T07:45:43.603Z",
    "updated_at": "2025-11-07T07:45:43.603Z",
    "title": "Хранение металлических порошков, практические рекомендации",
    "image": "post/rectangle_2_002sEPa.png",
    "slug": "hranenie-metallicheskih-poroshkov-prakticheskie-rekomendacii",
    "preview": "Металлические порошки — ключевой материал для аддитивного производства методом селективного лазерного спекания (SLS) или селективного лазерного плавления (SLM). Их качество напрямую влияет на прочность, точность и стабильность итоговых изделий. Поэтому правильное хранение порошков — критически важный этап, который нельзя недооценивать.",
    "body": "Металлические порошки — ключевой материал для аддитивного производства методом селективного лазерного спекания (SLS) или селективного лазерного плавления (SLM). Их качество напрямую влияет на прочность, точность и стабильность итоговых изделий. Поэтому правильное хранение порошков — критически важный этап, который нельзя недооценивать.\r\n\r\n\r\n\r\nПочему важно соблюдать условия хранения\r\n\r\nМеталлические порошки гигроскопичны и чувствительны к внешней среде. При неправильном хранении они могут:\r\nВпитывать влагу, что приводит к агломерации и затруднённой подаче в принтер;\r\nОкисляться, теряя свои физико-химические свойства;\r\nЗагрязняться механически (пылинками, масляными парами, органическими веществами), что может повлиять на качество печати и даже повредить оборудование.\r\n\r\n\r\n\r\nОптимальные условия хранения\r\n\r\n1. Контроль влажности\r\n\r\nМеталлические порошки необходимо хранить в сухом помещении с относительной влажностью не выше 30–40%. Идеально — использовать герметичные контейнеры с осушителями или специализированные шкафы с контролем влажности.\r\n\r\n2. Температурный режим\r\n\r\nТемпература хранения должна быть стабильной, в пределах +18…+25 °C. Резкие перепады температуры могут привести к конденсации влаги внутри упаковки.\r\n\r\n3. Защита от кислорода\r\n\r\nДля некоторых порошков, таких как титановые или алюминиевые сплавы, рекомендуется хранение в инертной среде (например, под азотом или аргоном), чтобы предотвратить окисление.\r\n\r\n4. Использование оригинальной упаковки\r\n\r\nПроизводители порошков поставляют материал в герметичных упаковках, часто с осушителями. Не стоит пересыпать порошок без крайней необходимости. Если упаковка вскрыта — плотно её закройте и используйте как можно скорее.\r\n\r\n5. Хранение по партиям\r\n\r\nКаждая партия порошка должна храниться с маркировкой: дата поставки, производитель, тип сплава, номер партии. Это важно для отслеживания свойств материала и контроля качества печати.\r\n\r\n\r\n\r\nКак понять, что порошок испортился\r\n\r\nОбразование комков или слёживание — признак влаги.\r\nИзменение цвета — возможный сигнал окисления.\r\nПовышенное пылеобразование или нестабильная подача — указывает на загрязнение или нарушение фракционного состава.\r\n\r\nВ случае сомнений, перед использованием рекомендуется провести повторный анализ порошка (например, с помощью лазерной дифракции или спектроскопии).\r\n\r\n\r\n\r\nИтоги\r\n\r\nПравильное хранение металлических порошков — основа стабильной и безопасной работы 3D-принтера. Мы рекомендуем:\r\nХранить порошки в сухом, прохладном, защищённом от света месте;\r\nИспользовать герметичную упаковку и контролировать влажность;\r\nВести строгий учёт партий и соблюдать FIFO (first in — first out) при использовании материала.\r\n\r\nЕсли вы подбираете оборудование для печати металлом или ищете решения для безопасного хранения расходников — команда [название вашей компании] готова помочь. Мы не только поставляем промышленное оборудование, но и консультируем по всей цепочке аддитивного производства: от выбора материала до послепечатной обработки.",
    "status": "published",
    "published_at": "2025-11-07T07:43:51Z",
    "meta_description": "Металлические порошки — ключевой материал для аддитивного производства методом селективного лазерного спекания (SLS) или селективного лазерного плавления (SLM)."
  }
},
{
  "model": "requests.leadsource",
  "pk": 1,
  "fields": {
    "name": "Соцсети"
  }
},
{
  "model": "requests.leadsource",
  "pk": 2,
  "fields": {
    "name": "От друга"
  }
},
{
  "model": "requests.leadsource",
  "pk": 3,
  "fields": {
    "name": "Реклама"
  }
},
{
  "model": "requests.leadsource",
  "pk": 4,
  "fields": {
    "name": "Радио"
  }
},
{
  "model": "requests.leadsource",
  "pk": 5,
  "fields": {
    "name": "Другое"
  }
},
{
  "model": "requests.contactrequest",
  "pk": 1,
  "fields": {
    "created_at": "2025-09-25T15:44:16.365Z",
    "updated_at": "2025-09-25T15:44:16.365Z",
    "name": "Test User",
    "email": "test@example.com",
    "phone": "+79991234567",
    "company": "OOO Romashka",
    "lead_source": null,
    "message": "I want printer",
    "is_processed": false
  }
},
{
  "model": "requests.contactrequest",
  "pk": 2,
  "fields": {
    "created_at": "2025-09-25T15:48:41.905Z",
    "updated_at": "2025-09-25T15:48:41.905Z",
    "name": "Test User",
    "email": "test@example.com",
    "phone": "+79991234567",
    "company": "OOO Romashka",
    "lead_source": null,
    "message": "I want printer",
    "is_processed": false
  }
},
{
  "model": "requests.contactrequest",
  "pk": 3,
  "fields": {
    "created_at": "2025-10-13T16:04:56.017Z",
    "updated_at": "2025-10-13T16:04:56.017Z",
    "name": "Test",
    "email": "test@example.com",
    "phone": "+375291234567",
    "company": "OOO Test",
    "lead_source": null,
    "message": "with token",
    "is_processed": false
  }
},
{
  "model": "requests.contactrequest",
  "pk": 4,
  "fields": {
    "created_at": "2025-10-21T18:36:45.385Z",
    "updated_at": "2025-10-21T18:36:45.385Z",
    "name": "Александр Макаров",
    "email": "alebarda2018@gmail.com",
    "phone": "+375295565530",
    "company": "Макаров Александр Сергеевич",
    "lead_source": 1,
    "message": "",
    "is_processed": false
  }
},
{
  "model": "requests.contactrequest",
  "pk": 5,
  "fields": {
    "created_at": "2025-10-21T18:39:10.225Z",
    "updated_at": "2025-10-21T18:39:10.225Z",
    "name": "Сергей",
    "email": "alebarda2019@gmail.com",
    "phone": "+375292055979",
    "company": "Pit stop",
    "lead_source": 3,
    "message": "",
    "is_processed": false
  }
},
{
  "model": "requests.contactrequest",
  "pk": 6,
  "fields": {
    "created_at": "2025-10-21T18:45:13.406Z",
    "updated_at": "2025-10-21T18:45:13.406Z",
    "name": "Том Круз",
    "email": "cruz@gmail.com",
    "phone": "+375295565530",
    "company": "Миссия невыполнима",
    "lead_source": null,
    "message": "",
    "is_processed": false
  }
},
{
  "model": "requests.contactrequest",
  "pk": 7,
  "fields": {
    "created_at": "2025-10-21T18:53:38.501Z",
    "updated_at": "2025-10-21T18:53:38.501Z",
    "name": "Брэд Питт",
    "email": "alebarda2019@gmail.com",
    "phone": "+375292055979",
    "company": "Мистер Смит",
    "lead_source": null,
    "message": "",
    "is_processed": false
  }
},
{
  "model": "requests.contactrequest",
  "pk": 8,
  "fields": {
    "created_at": "2025-10-21T18:58:13.485Z",
    "updated_at": "2025-10-21T18:58:13.485Z",
    "name": "Джулия Робертс",
    "email": "alebarda2018@gmail.com",
    "phone": "+375295565530",
    "company": "Красотка",
    "lead_source": 5,
    "message": "",
    "is_processed": false
  }
},
{
  "model": "requests.contactrequest",
  "pk": 9,
  "fields": {
    "created_at": "2025-10-21T19:00:08.413Z",
    "updated_at": "2025-10-21T19:00:08.413Z",
    "name": "Юлиан",
    "email": "alebarda2018@gmail.com",
    "phone": "+37533",
    "company": "Макаров Александр Сергеевич",
    "lead_source": 5,
    "message": "",
    "is_processed": false
  }
},
{
  "model": "requests.contactrequest",
  "pk": 10,
  "fields": {
    "created_at": "2025-10-21T19:01:02.604Z",
    "updated_at": "2025-10-21T19:01:02.604Z",
    "name": "Александр Макаров",
    "email": "alebarda2018@gmail.com",
    "phone": "+375295565530",
    "company": "ProffShina",
    "lead_source": 3,
    "message": "Привет мир!",
    "is_processed": false
  }
},
{
  "model": "requests.contactrequest",
  "pk": 11,
  "fields": {
    "created_at": "2025-10-21T19:04:12.614Z",
    "updated_at": "2025-10-21T19:04:12.614Z",
    "name": "Марина",
    "email": "tiresservice08@gmail.com",
    "phone": "+375292055979",
    "company": "Cola Cola",
    "lead_source": 5,
    "message": "Привет мир!",
    "is_processed": false
  }
},
{
  "model": "requests.contactrequest",
  "pk": 12,
  "fields": {
    "created_at": "2025-10-21T19:25:44.510Z",
    "updated_at": "2025-10-21T19:25:44.510Z",
    "name": "Александр Макаров",
    "email": "alebarda2018@gmail.com",
    "phone": "+375295565530",
    "company": "Макаров Александр Сергеевич",
    "lead_source": 5,
    "message": "",
    "is_processed": false
  }
},
{
  "model": "requests.contactrequest",
  "pk": 13,
  "fields": {
    "created_at": "2025-10-21T20:28:18.767Z",
    "updated_at": "2025-10-21T20:28:18.767Z",
    "name": "Александр Макаров",
    "email": "alebarda2018@gmail.com",
    "phone": "+375295565530",
    "company": "Макаров Александр Сергеевич",
    "lead_source": 5,
    "message": "",
    "is_processed": false
  }
},
{
  "model": "requests.contactrequest",
  "pk": 14,
  "fields": {
    "created_at": "2025-10-24T20:50:29.262Z",
    "updated_at": "2025-10-24T20:50:29.264Z",
    "name": "Александр Макаров",
    "email": "alebarda2018@gmail.com",
    "phone": "+375295565530",
    "company": "Макаров Александр Сергеевич",
    "lead_source": 5,
    "message": "",
    "is_processed": false
  }
},
{
  "model": "requests.contactrequest",
  "pk": 15,
  "fields": {
    "created_at": "2025-10-27T19:41:06.964Z",
    "updated_at": "2025-10-27T19:41:06.964Z",
    "name": "Александр Макаров",
    "email": "alebarda2018@gmail.com",
    "phone": "+375295565530",
    "company": "TiresService",
    "lead_source": 2,
    "message": "nmgmxmn",
    "is_processed": false
  }
},
{
  "model": "requests.reviews",
  "pk": 1,
  "fields": {
    "created_at": "2025-10-28T18:04:31.428Z",
    "updated_at": "2025-10-28T21:25:15.012Z",
    "name": "Александр Макаров",
    "email": "alebarda2018@gmail.com",
    "phone": "+375295565530",
    "company": "ProffShina",
    "review": "Заказали два промышленных принтера CD-400 для печали функциональных прототипов из PA12. За 4 месяца непрерывной работы (24/7) ни одного критического простоя. Особенно порадовала точность посадочных мест – 0,05 мм на диаметр 8 мм без доработок. Поддержка отвечает быстро, помогли настроить профиль под наш стекло-наполненный нейлон. Рекомендуем как надежную рабочую лошадку для мелко-серийного производства.",
    "is_published": true
  }
},
{
  "model": "requests.reviews",
  "pk": 2,
  "fields": {
    "created_at": "2025-10-28T21:25:39.485Z",
    "updated_at": "2025-10-28T21:25:39.485Z",
    "name": "Александр Макаров",
    "email": "alebarda2018@gmail.com",
    "phone": "80295565530",
    "company": "ProffShina",
    "review": "Заказали два промышленных принтера CD-400 для печали функциональных прототипов из PA12. За 4 месяца непрерывной работы (24/7) ни одного критического простоя. Особенно порадовала точность посадочных мест – 0,05 мм на диаметр 8 мм без доработок. Поддержка отвечает быстро, помогли настроить профиль под наш стекло-наполненный нейлон. Рекомендуем как надежную рабочую лошадку для мелко-серийного производства.",
    "is_published": true
  }
},
{
  "model": "requests.reviews",
  "pk": 3,
  "fields": {
    "created_at": "2025-10-28T21:26:08.567Z",
    "updated_at": "2025-10-28T21:26:08.568Z",
    "name": "Александр Макаров",
    "email": "alebarda2018@gmail.com",
    "phone": "80295565530",
    "company": "ProffShina",
    "review": "Заказали два промышленных принтера CD-400 для печали функциональных прототипов из PA12. За 4 месяца непрерывной работы (24/7) ни одного критического простоя. Особенно порадовала точность посадочных мест – 0,05 мм на диаметр 8 мм без доработок. Поддержка отвечает быстро, помогли настроить профиль под наш стекло-наполненный нейлон. Рекомендуем как надежную рабочую лошадку для мелко-серийного производства.",
    "is_published": true
  }
},
{
  "model": "requests.reviews",
  "pk": 4,
  "fields": {
    "created_at": "2025-10-28T21:26:28.561Z",
    "updated_at": "2025-10-28T21:26:28.561Z",
    "name": "Александр Макаров",
    "email": "alebarda2018@gmail.com",
    "phone": "80295565530",
    "company": "ProffShina",
    "review": "Заказали два промышленных принтера CD-400 для печали функциональных прототипов из PA12. За 4 месяца непрерывной работы (24/7) ни одного критического простоя. Особенно порадовала точность посадочных мест – 0,05 мм на диаметр 8 мм без доработок. Поддержка отвечает быстро, помогли настроить профиль под наш стекло-наполненный нейлон. Рекомендуем как надежную рабочую лошадку для мелко-серийного производства.",
    "is_published": true
  }
},
{
  "model": "requests.reviews",
  "pk": 5,
  "fields": {
    "created_at": "2025-10-28T21:26:47.461Z",
    "updated_at": "2025-10-28T21:26:47.461Z",
    "name": "Александр Макаров",
    "email": "alebarda2018@gmail.com",
    "phone": "80295565530",
    "company": "ProffShina",
    "review": "Заказали два промышленных принтера CD-400 для печали функциональных прототипов из PA12. За 4 месяца непрерывной работы (24/7) ни одного критического простоя. Особенно порадовала точность посадочных мест – 0,05 мм на диаметр 8 мм без доработок. Поддержка отвечает быстро, помогли настроить профиль под наш стекло-наполненный нейлон. Рекомендуем как надежную рабочую лошадку для мелко-серийного производства.",
    "is_published": true
  }
},
{
  "model": "requests.reviews",
  "pk": 6,
  "fields": {
    "created_at": "2025-10-28T21:27:14.453Z",
    "updated_at": "2025-10-28T21:27:14.453Z",
    "name": "Александр Макаров",
    "email": "alebarda2018@gmail.com",
    "phone": "80295565530",
    "company": "ProffShina",
    "review": "Заказали два промышленных принтера CD-400 для печали функциональных прототипов из PA12. За 4 месяца непрерывной работы (24/7) ни одного критического простоя. Особенно порадовала точность посадочных мест – 0,05 мм на диаметр 8 мм без доработок. Поддержка отвечает быстро, помогли настроить профиль под наш стекло-наполненный нейлон. Рекомендуем как надежную рабочую лошадку для мелко-серийного производства.",
    "is_published": true
  }
},
{
  "model": "requests.reviews",
  "pk": 7,
  "fields": {
    "created_at": "2025-10-28T21:44:22.950Z",
    "updated_at": "2025-10-28T21:44:22.950Z",
    "name": "string",
    "email": "user@example.com",
    "phone": "string",
    "company": "string",
    "review": "string",
    "is_published": false
  }
},
{
  "model": "requests.reviews",
  "pk": 8,
  "fields": {
    "created_at": "2025-10-28T21:44:41.950Z",
    "updated_at": "2025-10-28T21:44:41.950Z",
    "name": "string",
    "email": "user@example.com",
    "phone": "string",
    "company": "string",
    "review": "string",
    "is_published": false
  }
},
{
  "model": "requests.reviews",
  "pk": 9,
  "fields": {
    "created_at": "2025-10-29T19:05:29.782Z",
    "updated_at": "2025-10-29T19:05:29.782Z",
    "name": "string",
    "email": "user@example.com",
    "phone": "string",
    "company": "string",
    "review": "string",
    "is_published": false
  }
},
{
  "model": "requests.reviews",
  "pk": 10,
  "fields": {
    "created_at": "2025-10-29T19:06:14.091Z",
    "updated_at": "2025-10-29T19:06:14.091Z",
    "name": "string",
    "email": "user@example.com",
    "phone": "string",
    "company": "string",
    "review": "string",
    "is_published": false
  }
},
{
  "model": "requests.reviews",
  "pk": 11,
  "fields": {
    "created_at": "2025-10-29T19:07:34.288Z",
    "updated_at": "2025-10-29T19:07:34.288Z",
    "name": "string",
    "email": "user@example.com",
    "phone": "string",
    "company": "string",
    "review": "string",
    "is_published": false
  }
},
{
  "model": "requests.reviews",
  "pk": 12,
  "fields": {
    "created_at": "2025-11-05T17:52:56.044Z",
    "updated_at": "2025-11-05T17:52:56.044Z",
    "name": "Александр Макаров",
    "email": "alebarda2018@gmail.com",
    "phone": "+375295565530",
    "company": "ProffShina",
    "review": "Отлично сработали! Молодцы!",
    "is_published": false
  }
},
{
  "model": "requests.reviews",
  "pk": 13,
  "fields": {
    "created_at": "2025-11-06T18:13:16.019Z",
    "updated_at": "2025-11-06T18:13:16.019Z",
    "name": "Александр Макаров",
    "email": "alebarda2018@gmail.com",
    "phone": "+375295565530",
    "company": "ProffShina",
    "review": "jhvhkgcgcgkc",
    "is_published": false
  }
},
{
  "model": "requests.reviews",
  "pk": 14,
  "fields": {
    "created_at": "2025-11-06T18:13:32.630Z",
    "updated_at": "2025-11-06T18:13:32.630Z",
    "name": "Александр Макаров",
    "email": "alebarda2018@gmail.com",
    "phone": "+375295565530",
    "company": "jhvuc",
    "review": "ykguvucuoc",
    "is_published": false
  }
},
{
  "model": "requests.reviews",
  "pk": 15,
  "fields": {
    "created_at": "2025-11-06T19:09:40.924Z",
    "updated_at": "2025-11-06T19:09:40.924Z",
    "name": "Александр Макаров",
    "email": "alebarda2018@gmail.com",
    "phone": "+375295565530",
    "company": "ормгмгм",
    "review": "шпаашнеаеша",
    "is_published": false
  }
},
{
  "model": "social.sociallink",
  "pk": 1,
  "fields": {
    "name": "telegram",
    "url": "https://t.me/aliaksandr_makarau",
    "is_active": true,
    "is_system": true
  }
},
{
  "model": "social.sociallink",
  "pk": 2,
  "fields": {
    "name": "instagram",
    "url": "https://instagram.com/aleksandrmakarov9271",
    "is_active": true,
    "is_system": true
  }
}
]
