[
{
  "model": "pages.icon",
  "pk": 1,
  "fields": {
    "created_at": "2025-08-29T14:35:55.899Z",
    "updated_at": "2025-08-29T14:35:55.899Z",
    "name": "Иконка инстаграм",
    "file_name": "instagram.png",
    "css_class": "",
    "is_active": true
  }
},
{
  "model": "pages.icon",
  "pk": 2,
  "fields": {
    "created_at": "2025-08-29T14:37:00.156Z",
    "updated_at": "2025-08-29T14:37:00.156Z",
    "name": "Иконка телеграм",
    "file_name": "stash_telegram.png",
    "css_class": "",
    "is_active": true
  }
},
{
  "model": "pages.icon",
  "pk": 3,
  "fields": {
    "created_at": "2025-08-29T14:47:45.371Z",
    "updated_at": "2025-08-29T14:47:45.371Z",
    "name": "Главная фигура",
    "file_name": "hero/hero_forms_1.png",
    "css_class": "",
    "is_active": true
  }
},
{
  "model": "pages.icon",
  "pk": 4,
  "fields": {
    "created_at": "2025-08-29T14:50:14.872Z",
    "updated_at": "2025-08-29T14:50:14.872Z",
    "name": "Главная фигура планшет",
    "file_name": "hero/hero_forms_tablet_1.png",
    "css_class": "",
    "is_active": true
  }
},
{
  "model": "pages.icon",
  "pk": 5,
  "fields": {
    "created_at": "2025-08-29T14:52:02.460Z",
    "updated_at": "2025-08-29T14:52:02.460Z",
    "name": "Главная фигура (мобильник)",
    "file_name": "hero/hero_forms_mobile_1.png",
    "css_class": "",
    "is_active": true
  }
},
{
  "model": "pages.icon",
  "pk": 6,
  "fields": {
    "created_at": "2025-08-29T15:03:09.152Z",
    "updated_at": "2025-08-29T15:03:09.152Z",
    "name": "Кнопка_1",
    "file_name": "button/button_1.png",
    "css_class": "",
    "is_active": true
  }
},
{
  "model": "pages.icon",
  "pk": 7,
  "fields": {
    "created_at": "2025-08-29T15:04:43.839Z",
    "updated_at": "2025-08-29T15:04:43.839Z",
    "name": "Оставить заявку",
    "file_name": "button/button_4.png",
    "css_class": "",
    "is_active": true
  }
},
{
  "model": "pages.icon",
  "pk": 8,
  "fields": {
    "created_at": "2025-08-29T15:05:22.820Z",
    "updated_at": "2025-08-29T15:05:22.820Z",
    "name": "К принтеру",
    "file_name": "button/button_5.png",
    "css_class": "",
    "is_active": true
  }
},
{
  "model": "pages.icon",
  "pk": 9,
  "fields": {
    "created_at": "2025-08-29T15:08:06.431Z",
    "updated_at": "2025-08-29T15:08:06.431Z",
    "name": "Развернутое поле элемента",
    "file_name": "item/item_open.png",
    "css_class": "",
    "is_active": true
  }
},
{
  "model": "pages.icon",
  "pk": 10,
  "fields": {
    "created_at": "2025-08-29T15:08:54.447Z",
    "updated_at": "2025-08-29T15:08:54.447Z",
    "name": "Свернутое поле элемента",
    "file_name": "item/item_close.png",
    "css_class": "",
    "is_active": true
  }
},
{
  "model": "pages.icon",
  "pk": 11,
  "fields": {
    "created_at": "2025-08-29T15:11:57.720Z",
    "updated_at": "2025-08-29T15:11:57.720Z",
    "name": "Кнопка связаться",
    "file_name": "button/button_6.png",
    "css_class": "",
    "is_active": true
  }
},
{
  "model": "pages.icon",
  "pk": 12,
  "fields": {
    "created_at": "2025-08-29T15:14:18.560Z",
    "updated_at": "2025-08-29T15:14:18.560Z",
    "name": "Кнопка \"Перейти в блог\"",
    "file_name": "button/button_7.png",
    "css_class": "",
    "is_active": true
  }
},
{
  "model": "pages.icon",
  "pk": 13,
  "fields": {
    "created_at": "2025-08-29T15:18:03.697Z",
    "updated_at": "2025-08-29T15:18:03.697Z",
    "name": "Фото \"Внедрение 3D принтера\"",
    "file_name": "foto/foto_8.png",
    "css_class": "",
    "is_active": true
  }
},
{
  "model": "pages.icon",
  "pk": 14,
  "fields": {
    "created_at": "2025-08-29T15:20:31.817Z",
    "updated_at": "2025-08-29T15:20:31.817Z",
    "name": "Фото - Разработка оборудования под ключ",
    "file_name": "foto/foto_9.png",
    "css_class": "",
    "is_active": true
  }
},
{
  "model": "pages.icon",
  "pk": 15,
  "fields": {
    "created_at": "2025-08-29T15:22:35.384Z",
    "updated_at": "2025-08-29T15:22:35.384Z",
    "name": "Принтер CD400HT",
    "file_name": "printer/CD400HT.png",
    "css_class": "",
    "is_active": true
  }
},
{
  "model": "pages.icon",
  "pk": 16,
  "fields": {
    "created_at": "2025-08-29T15:23:21.141Z",
    "updated_at": "2025-08-29T15:23:21.141Z",
    "name": "Принтер CD400",
    "file_name": "printer/CD400.png",
    "css_class": "",
    "is_active": true
  }
},
{
  "model": "pages.icon",
  "pk": 17,
  "fields": {
    "created_at": "2025-08-29T15:24:06.502Z",
    "updated_at": "2025-08-29T15:24:06.502Z",
    "name": "Сушилка",
    "file_name": "printer/FILO.png",
    "css_class": "",
    "is_active": true
  }
},
{
  "model": "pages.icon",
  "pk": 18,
  "fields": {
    "created_at": "2025-10-06T14:18:53.306Z",
    "updated_at": "2025-10-06T14:18:53.306Z",
    "name": "Фигура_1",
    "file_name": "figura_1.png",
    "css_class": "",
    "is_active": true
  }
},
{
  "model": "pages.icon",
  "pk": 19,
  "fields": {
    "created_at": "2025-10-06T19:01:35.492Z",
    "updated_at": "2025-10-06T19:01:35.492Z",
    "name": "Фигура_2",
    "file_name": "figura_2_2.png",
    "css_class": "",
    "is_active": true
  }
},
{
  "model": "pages.icon",
  "pk": 20,
  "fields": {
    "created_at": "2025-10-06T19:02:36.745Z",
    "updated_at": "2025-10-06T19:02:36.745Z",
    "name": "Фигура_3",
    "file_name": "figura_3.png",
    "css_class": "",
    "is_active": true
  }
},
{
  "model": "pages.pageblock",
  "pk": 1,
  "fields": {
    "created_at": "2025-08-27T13:58:52.451Z",
    "updated_at": "2025-08-27T13:58:52.451Z",
    "block_type": "hero",
    "title": "HUB42",
    "subtitle": "",
    "content": "",
    "is_active": true,
    "sort_order": 0
  }
},
{
  "model": "pages.pageblock",
  "pk": 2,
  "fields": {
    "created_at": "2025-08-27T14:02:17.955Z",
    "updated_at": "2025-08-27T14:02:17.955Z",
    "block_type": "printers_intro",
    "title": "Промышленные 3D принтеры",
    "subtitle": "",
    "content": "Принтеры  производят детали прямо у вас на производстве —\r\nбез логистических задержек и дефицита комплектующих",
    "is_active": true,
    "sort_order": 0
  }
},
{
  "model": "pages.pageblock",
  "pk": 3,
  "fields": {
    "created_at": "2025-08-27T14:15:55.233Z",
    "updated_at": "2025-08-27T14:15:55.233Z",
    "block_type": "advantages",
    "title": "Где 3D-печать решает задачи быстрее и дешевле",
    "subtitle": "УСКОРЯЕТ РАБОТУ ТАМБ, ГДЕ КЛАССИЧЕСКОЕ ПРОИЗВОДСТВО ТОРМОЗИТ",
    "content": "",
    "is_active": true,
    "sort_order": 0
  }
},
{
  "model": "pages.pageblock",
  "pk": 4,
  "fields": {
    "created_at": "2025-08-27T20:03:14.925Z",
    "updated_at": "2025-08-28T07:23:30.114Z",
    "block_type": "applications",
    "title": "Сферы применения",
    "subtitle": "Где уже работают принтеры",
    "content": "",
    "is_active": true,
    "sort_order": 0
  }
},
{
  "model": "pages.pageblock",
  "pk": 5,
  "fields": {
    "created_at": "2025-08-28T07:28:48.538Z",
    "updated_at": "2025-09-08T09:33:40.352Z",
    "block_type": "products",
    "title": "Выберите оптимальный вариант для своих  задач",
    "subtitle": "",
    "content": "",
    "is_active": true,
    "sort_order": 0
  }
},
{
  "model": "pages.pageblock",
  "pk": 6,
  "fields": {
    "created_at": "2025-08-28T07:49:41.780Z",
    "updated_at": "2025-08-28T08:02:16.811Z",
    "block_type": "company",
    "title": "О компании",
    "subtitle": "Компания HUB42",
    "content": "Дистрибутор 3D-сканеров, программного обеспечения, 3D-принтеров и расходных материалов ведущих мировых производителей. Наша команда из 20 экспертов, инженеров и технологов разрабатывает и внедряет уникальные 3D-решения на промышленных предприятиях, в исследовательских центрах, проектах малого и среднего бизнеса. Технологические навыки и опыт команды, знание мировых трендов индустрии и успешная практика разработки 3D- решений обеспечивают конкурентоспособность и высокую эффективность предприятий ключевых отраслей.",
    "is_active": true,
    "sort_order": 0
  }
},
{
  "model": "pages.pageblock",
  "pk": 8,
  "fields": {
    "created_at": "2025-08-28T09:54:46.477Z",
    "updated_at": "2025-08-28T09:54:46.477Z",
    "block_type": "services",
    "title": "Наши услуги",
    "subtitle": "",
    "content": "",
    "is_active": true,
    "sort_order": 0
  }
},
{
  "model": "pages.pageblock",
  "pk": 9,
  "fields": {
    "created_at": "2025-08-28T10:09:02.115Z",
    "updated_at": "2025-08-28T10:09:48.357Z",
    "block_type": "faq",
    "title": "Остались вопросы?",
    "subtitle": "Ответы тут",
    "content": "Эти пункты закрывают 90% вопросов, которые мы слышим на переговорах и отраслевых выставках; при необходимости готовы развернуть технические детали и финансовые расчеты под конкретный кейс.",
    "is_active": true,
    "sort_order": 0
  }
},
{
  "model": "pages.pageblock",
  "pk": 10,
  "fields": {
    "created_at": "2025-08-28T10:13:36.137Z",
    "updated_at": "2025-08-28T10:13:36.137Z",
    "block_type": "blog",
    "title": "Свежие публикации в нашем блоге",
    "subtitle": "",
    "content": "",
    "is_active": true,
    "sort_order": 0
  }
},
{
  "model": "pages.blockitem",
  "pk": 7,
  "fields": {
    "created_at": "2025-08-27T20:03:14.942Z",
    "updated_at": "2025-10-06T19:04:30.863Z",
    "parent_block": 4,
    "title": "Космос",
    "content": "Кожухи, воздуховоды,  крепежи",
    "icon": 20,
    "sort_order": 0
  }
},
{
  "model": "pages.blockitem",
  "pk": 8,
  "fields": {
    "created_at": "2025-08-28T07:23:30.119Z",
    "updated_at": "2025-10-06T19:04:23.229Z",
    "parent_block": 4,
    "title": "Нефтехимия",
    "content": "Механизмы, корпуса, учебные макеты",
    "icon": 19,
    "sort_order": 0
  }
},
{
  "model": "pages.blockitem",
  "pk": 9,
  "fields": {
    "created_at": "2025-08-28T07:23:30.121Z",
    "updated_at": "2025-10-06T19:04:15.522Z",
    "parent_block": 4,
    "title": "Судостроение",
    "content": "Опоры. прокладки, мелкая фурнитура",
    "icon": 18,
    "sort_order": 0
  }
},
{
  "model": "pages.blockitem",
  "pk": 10,
  "fields": {
    "created_at": "2025-08-28T07:23:30.122Z",
    "updated_at": "2025-10-06T19:04:04.734Z",
    "parent_block": 4,
    "title": "Электроника и приборостроение",
    "content": "Корпуса, кожухи, держатели плат",
    "icon": 20,
    "sort_order": 0
  }
},
{
  "model": "pages.blockitem",
  "pk": 11,
  "fields": {
    "created_at": "2025-08-28T07:23:30.122Z",
    "updated_at": "2025-10-06T19:03:53.319Z",
    "parent_block": 4,
    "title": "Машиностроение",
    "content": "Кондукторы, редукторы, кронштейны",
    "icon": 19,
    "sort_order": 0
  }
},
{
  "model": "pages.blockitem",
  "pk": 12,
  "fields": {
    "created_at": "2025-08-28T07:23:30.123Z",
    "updated_at": "2025-10-06T19:03:42.621Z",
    "parent_block": 4,
    "title": "Архитектура",
    "content": "Макеты, зданий, фасады, ландшафты",
    "icon": 18,
    "sort_order": 0
  }
},
{
  "model": "pages.blockitem",
  "pk": 13,
  "fields": {
    "created_at": "2025-08-28T07:23:30.123Z",
    "updated_at": "2025-10-06T19:03:33.167Z",
    "parent_block": 4,
    "title": "Медицина",
    "content": "Ортезы, протезы, анатомические модели",
    "icon": 20,
    "sort_order": 0
  }
},
{
  "model": "pages.blockitem",
  "pk": 14,
  "fields": {
    "created_at": "2025-08-28T07:23:30.124Z",
    "updated_at": "2025-10-06T19:03:16.058Z",
    "parent_block": 4,
    "title": "Железная дорога",
    "content": "Кондукторы, редукторы, кронштейны",
    "icon": 19,
    "sort_order": 0
  }
},
{
  "model": "pages.blockitem",
  "pk": 15,
  "fields": {
    "created_at": "2025-08-28T07:23:30.124Z",
    "updated_at": "2025-10-06T19:03:00.861Z",
    "parent_block": 4,
    "title": "Образование и R&D",
    "content": "Конструктивы, шестерни, поддоны",
    "icon": 18,
    "sort_order": 0
  }
},
{
  "model": "pages.blockitem",
  "pk": 16,
  "fields": {
    "created_at": "2025-08-28T07:49:41.782Z",
    "updated_at": "2025-08-28T07:49:41.782Z",
    "parent_block": 6,
    "title": "Наши клиенты и отзывы",
    "content": "Нам доверяют частные мастера, дизайнеры, архитектурные бюро, производственные компании, образовательные учреждения и инжиниринговые центры. Мы работаем с теми кто ценит точность, надежность и технологичность - от небольших студий до крупных промышленных предприятий.",
    "icon": null,
    "sort_order": 0
  }
},
{
  "model": "pages.blockitem",
  "pk": 17,
  "fields": {
    "created_at": "2025-08-28T07:54:10.964Z",
    "updated_at": "2025-08-28T07:54:10.964Z",
    "parent_block": 6,
    "title": "Наши компетенции",
    "content": "Мы специализируемся на подборе, продаже и технической поддержке  3D-принтеров для разных задач - от прототипирования до серийного производства. Консультируем по поводу оборудования, материалов и ПО, обучаем работе с технологиями FDM, SLA, SLS и другими. Помогаем интегрировать 3D-печать в бизнес-процессы под ключ.",
    "icon": null,
    "sort_order": 0
  }
},
{
  "model": "pages.blockitem",
  "pk": 18,
  "fields": {
    "created_at": "2025-08-28T07:59:25.837Z",
    "updated_at": "2025-08-28T07:59:25.837Z",
    "parent_block": 6,
    "title": "HUB42 в цифрах",
    "content": "За последние 3 года мы увеличили количество реализованных проектов на 200% процентов, расширили ассортимент оборудования в 3 раза и вышли на сотрудничество с 50+ отраслевыми партнерами по всей стране. Ежегодный рост клиентской базы - более 30%.",
    "icon": null,
    "sort_order": 0
  }
},
{
  "model": "pages.blockitem",
  "pk": 19,
  "fields": {
    "created_at": "2025-08-28T08:02:16.819Z",
    "updated_at": "2025-08-28T08:02:16.819Z",
    "parent_block": 6,
    "title": "Преимущества сотрудничества",
    "content": "За последние 3 года мы увеличили количество реализованных проектов на 200% процентов, расширили ассортимент оборудования в 3 раза и вышли на сотрудничество с 50+ отраслевыми партнерами по всей стране. Ежегодный рост клиентской базы - более 30%.",
    "icon": null,
    "sort_order": 0
  }
},
{
  "model": "pages.blockitem",
  "pk": 20,
  "fields": {
    "created_at": "2025-08-28T08:02:16.819Z",
    "updated_at": "2025-08-28T08:02:16.819Z",
    "parent_block": 6,
    "title": "Участие в мероприятиях",
    "content": "За последние 3 года мы увеличили количество реализованных проектов на 200% процентов, расширили ассортимент оборудования в 3 раза и вышли на сотрудничество с 50+ отраслевыми партнерами по всей стране. Ежегодный рост клиентской базы - более 30%.",
    "icon": null,
    "sort_order": 0
  }
},
{
  "model": "pages.blockitem",
  "pk": 21,
  "fields": {
    "created_at": "2025-08-28T08:02:16.819Z",
    "updated_at": "2025-08-28T08:02:16.819Z",
    "parent_block": 6,
    "title": "Контакты",
    "content": "За последние 3 года мы увеличили количество реализованных проектов на 200% процентов, расширили ассортимент оборудования в 3 раза и вышли на сотрудничество с 50+ отраслевыми партнерами по всей стране. Ежегодный рост клиентской базы - более 30%.",
    "icon": null,
    "sort_order": 0
  }
},
{
  "model": "pages.blockitem",
  "pk": 34,
  "fields": {
    "created_at": "2025-08-28T10:09:02.119Z",
    "updated_at": "2025-08-28T10:09:02.119Z",
    "parent_block": 9,
    "title": "Когда окупится принтер и как вы это считаете?",
    "content": "По опыту наших клиентов - 6-12 при замене токарки/литья на печать мелких партий. Мы бесплатно считаем ROI на наших деталях: достаточно выгрузить 3-5 типовых CAD-файлов - расчёт получите за 48 часов.",
    "icon": null,
    "sort_order": 0
  }
},
{
  "model": "pages.blockitem",
  "pk": 35,
  "fields": {
    "created_at": "2025-08-28T10:09:48.372Z",
    "updated_at": "2025-08-28T10:09:48.372Z",
    "parent_block": 9,
    "title": "Какие материалы реально печатает CD400?",
    "content": "",
    "icon": null,
    "sort_order": 0
  }
},
{
  "model": "pages.blockitem",
  "pk": 36,
  "fields": {
    "created_at": "2025-10-06T15:19:27.857Z",
    "updated_at": "2025-10-06T15:19:27.857Z",
    "parent_block": 3,
    "title": "Не указано",
    "content": "Автотюнинг и кастомизация",
    "icon": null,
    "sort_order": 0
  }
},
{
  "model": "pages.blockitem",
  "pk": 37,
  "fields": {
    "created_at": "2025-10-06T15:21:02.291Z",
    "updated_at": "2025-10-06T15:21:02.291Z",
    "parent_block": 3,
    "title": "Не указано",
    "content": "Изготовление запчастей на месте",
    "icon": null,
    "sort_order": 0
  }
},
{
  "model": "pages.blockitem",
  "pk": 38,
  "fields": {
    "created_at": "2025-10-06T15:21:44.044Z",
    "updated_at": "2025-10-06T15:21:44.044Z",
    "parent_block": 3,
    "title": "Не указано",
    "content": "Мелкосерийное производство",
    "icon": null,
    "sort_order": 0
  }
},
{
  "model": "pages.blockitem",
  "pk": 39,
  "fields": {
    "created_at": "2025-10-06T15:22:53.521Z",
    "updated_at": "2025-10-06T15:22:53.521Z",
    "parent_block": 3,
    "title": "Не указано",
    "content": "Ремонт и восстановление нестандартных деталей",
    "icon": null,
    "sort_order": 0
  }
},
{
  "model": "pages.blockitem",
  "pk": 40,
  "fields": {
    "created_at": "2025-10-06T15:23:47.484Z",
    "updated_at": "2025-10-06T15:23:47.484Z",
    "parent_block": 3,
    "title": "Не указано",
    "content": "Производство оснастки, корпусов и нестандартных крепежей",
    "icon": null,
    "sort_order": 0
  }
},
{
  "model": "pages.blockitem",
  "pk": 41,
  "fields": {
    "created_at": "2025-10-06T15:24:48.037Z",
    "updated_at": "2025-10-06T15:24:48.037Z",
    "parent_block": 3,
    "title": "Не указано",
    "content": "Быстрое прототипирование",
    "icon": null,
    "sort_order": 0
  }
},
{
  "model": "pages.blockitem",
  "pk": 42,
  "fields": {
    "created_at": "2025-10-06T20:04:43.003Z",
    "updated_at": "2025-10-06T20:04:43.003Z",
    "parent_block": 6,
    "title": "Компания HUB42",
    "content": "Дистрибутор 3D-сканеров, программного обеспечения, 3D-принтеров и расходных материалов ведущих мировых производителей.\r\nНаша команда из 20 экспертов, инженеров и технологов разрабатывает и внедряет уникальные 3D-решения на промышленных предприятиях, в исследовательских центрах, проектах малого и среднего бизнеса.\r\nТехнологические навыки и опыт команды, знание мировых трендов индустрии и успешная практика разработки 3D-решений обеспечивают конкурентоспособность и высокую эффективность предприятий ключевых отраслей.",
    "icon": null,
    "sort_order": 0
  }
},
{
  "model": "pages.applicationarticle",
  "pk": 1,
  "fields": {
    "created_at": "2025-09-08T09:50:11.773Z",
    "updated_at": "2025-09-08T12:22:11.356Z",
    "title": "3D-ПЕЧАТЬ В АРХИТЕКТУРЕ: ПРОЕКТИРУЙ,  СОЗДАВАЙ, ПРЕЗЕНТУЙ - БЕЗ ОГРАНИЧЕНИЙ",
    "slug": "3d-pechat-v-arhitekture-proektiruj-sozdavaj-prezentuj-bez-ogranichenij",
    "preview": "Современные архитекторы всё чаще выходят за рамки цифрового моделирования. Благодаря FDM 3D-печати макеты и модели зданий, интерьеров, ландшафтов и фасадов теперь можно не только нарисовать, но и напечатать — точно, быстро и эффектно.",
    "body": "# Архитектура больше не ограничена бумагой\r\nСовременные архитекторы всё чаще выходят за рамки цифрового моделирования. Благодаря FDM 3D-печати макеты и модели зданий, интерьеров, ландшафтов и фасадов теперь можно не только нарисовать, но и напечатать — точно, быстро и эффектно.\r\n\r\n## Где используется FDM-печать в архитектуре\r\n**1. Архитектурные макеты**\r\nПечатают:\r\n- кварталы и жилые комплексы;\r\n- сечения зданий и этажей;\r\n- фасадные элементы и детали облицовки.\r\n\r\n**2. Ландшафтные модели**\r\nСоздаются:\r\n- модели рельефа, парковых зон, водоёмов;\r\n- объекты благоустройства и транспортной инфраструктуры;\r\n- системы освещения и уличной мебели.\r\n\r\n**3. Элементы отделки и декора**\r\nИспользуют FDM-печать для:\r\n- печати авторских панелей, барельефов;\r\n- изготовления нестандартных элементов интерьера;\r\n- быстрой кастомизации форм для гипса, бетона и т.д.\r\n\r\n## Преимущества FDM-печати для архитекторов\r\n- Визуализация в реальном 3D — эффектная презентация для клиентов, жюри или застройщика.\r\n- Гибкость форм — сложные поверхности, резные элементы, органическая геометрия.\r\n- Скорость — переход от эскиза к физическому макету за 1–2 дня.\r\n- Экономия — не нужно дорогое фрезерование или ручной труд.\r\n\r\n## Какие материалы применяются\r\n- PLA, PETG — лёгкие, экологичные, идеально для презентаций.\r\n- ASA, ABS — прочные, подходят для постоянных экспозиций.\r\n- TPU — для макетов с гибкими или динамичными частями (например, парки аттракционов).\r\n- Композиционные филаменты — для имитации бетона, дерева, камня.\r\n\r\n## Реальные примеры\r\n- Бюро Zaha Hadid печатают масштабные макеты фасадов с эффектной топологией.\r\n- Студенты архитектурных вузов делают проекты сразу в виде 3D-моделей.\r\n- Градостроительные компании используют 3D-печать для конкурсов, тендеров и общественных обсуждений.\r\n\r\n## Protype — 3D-принтер для архитектурных студий, вузов и бюро\r\nСоздан, чтобы воплощать идеи в точные формы:\r\n- Большой рабочий объём — печать зданий и городов в масштабе 1:100–1:500.\r\n- Две независимые головки — можно комбинировать материалы и цвета.\r\n- Интегрированный моноблок со слайсером — печать без стороннего ПО.\r\n- Фильтрация воздуха — безопасная работа в студии или классе.\r\n\r\n## Хотите впечатлить клиента физической моделью?\r\nОставьте заявку — протестируйте Protype в вашей архитектурной задаче.",
    "image": "",
    "is_published": true,
    "published_at": "2025-09-08T09:50:11.773Z",
    "sort_order": 0,
    "related_item": 12
  }
},
{
  "model": "pages.applicationarticle",
  "pk": 2,
  "fields": {
    "created_at": "2025-09-08T11:37:56.948Z",
    "updated_at": "2025-09-08T12:23:05.122Z",
    "title": "КАК 3D-ПЕЧАТЬ ТРАНСФОРМИРУЕТ МЕДИЦИНУ: ТЕХНОЛОГИИ FDM В ЗДРАВООХРАНЕНИИ",
    "slug": "kak-3d-pechat-transformiruet-medicinu-tehnologii-fdm-v-zdravoohranenii",
    "preview": "FDM 3D-печать (Fused Deposition Modeling) меняет подход к созданию медицинских изделий. От анатомических моделей до функциональных протезов — технологии позволяют быстро, точно и доступно создавать то, что раньше требовало недель и крупных инвестиций.",
    "body": "# НОВАЯ ЭРА ПЕРСОНАЛИЗИРОВАННОЙ МЕДИЦИНЫ  \r\n\r\nFDM 3D-печать (Fused Deposition Modeling) меняет подход к созданию медицинских изделий. От анатомических моделей до функциональных протезов — технологии позволяют быстро, точно и доступно создавать то, что раньше требовало недель и крупных инвестиций.\r\n\r\n# Где 3D-принтеры уже применяются\r\n## 1. Анатомическое моделирование\r\n- Врачи используют 3D-печатные копии органов и костей для:\r\n- планирования операций;\r\n- обучения студентов;\r\n- визуализации редких патологий.\r\n\r\n> Пример: нейрохирурги печатают модели черепа пациента перед сложными вмешательствами.\r\n\r\n## 2. Ортопедия и протезирование\r\nПечатают:\r\n- индивидуальные протезы конечностей;\r\n- ортезы и поддерживающие конструкции;\r\n- анатомически точные фиксаторы.\r\n- Протезы можно адаптировать под геометрию тела конкретного пациента за часы, а не недели.\r\n\r\n## 3. Хирургические инструменты и шаблоны\r\n3D-принтер позволяет создавать:\r\n- индивидуальные направляющие для сверления (drill guides);\r\n- держатели для инструментов;\r\n- стерилизуемые компоненты.\r\n\r\n# Какие материалы используются в медицине\r\n- PETG, PLA, ABS — для визуализационных моделей.\r\n- TPU — для гибких ортопедических элементов.\r\n- PC, Nylon, CF-композиты — для прочных и термостойких изделий.\r\n- PEEK (в условиях стерилизации и био-совместимости).\r\n\r\n# Преимущества FDM в медицинской практике\r\n- Снижение затрат на подготовку к операциям\r\n- Скорость создания индивидуальных решений\r\n- Улучшение коммуникации между врачом и пациентом\r\n- Инструмент для практического обучения\r\n\r\n# Безопасно ли использовать FDM-принтер в клинике?\r\nСовременные системы оснащаются:\r\n- фильтрацией воздуха (HEPA/Carbon) — для защиты персонала;\r\n- закрытыми камерами — чтобы обеспечить стабильность материалов;\r\n- гибким ПО и автоматикой — что упрощает работу без глубокой технической подготовки.\r\n\r\n# Protype: промышленный FDM-принтер, готовый к медицине\r\nНаша разработка создавалась с учётом задач здравоохранения:\r\n- Активная термокамера — для стабильной печати моделей органов и костей.\r\n- Фильтрация воздуха — безопасна для использования в лабораториях и офисах.\r\n- Две независимые головки — для сложных многоцветных или комбинированных моделей.\r\n- Автосмена материалов — удобно при печати комплектов.\r\n\r\n# Хотите протестировать на своих задачах?\r\nОставьте заявку на пробный период — мы всё установим и настроим, чтобы вы могли увидеть результат в реальных условиях.",
    "image": "",
    "is_published": true,
    "published_at": "2025-09-08T11:37:56.947Z",
    "sort_order": 0,
    "related_item": 13
  }
},
{
  "model": "pages.applicationarticle",
  "pk": 3,
  "fields": {
    "created_at": "2025-10-06T19:14:36.301Z",
    "updated_at": "2025-10-06T19:14:36.301Z",
    "title": "3D-печать в автопроме: как FDM-технология ускоряет разработку и производство автомобилей",
    "slug": "3d-pechat-v-avtoprome-kak-fdm-tehnologiya-uskoryaet-razrabotku-i-proizvodstvo-avtomobilej",
    "preview": "Автомобильная отрасль — это вечная гонка: за скоростью, надёжностью и инновациями. Сегодня производители всё активнее внедряют FDM 3D-печать в свои конвейеры и исследовательские центры, чтобы ускорить разработку и снизить затраты.",
    "body": "# От идеи — к детали за сутки\r\nАвтомобильная отрасль — это вечная гонка: за скоростью, надёжностью и инновациями. Сегодня производители всё активнее внедряют FDM 3D-печать в свои конвейеры и исследовательские центры, чтобы ускорить разработку и снизить затраты.\r\n\r\n## Где используется FDM-печать в автопроме\r\n### 1. Прототипы и предсерийные образцы\r\nИнженеры печатают:\r\n\r\nкорпуса фар, зеркал и воздухозаборников;\r\n\r\nинтерьерные элементы — панели, держатели;\r\n\r\nкомпоненты для аэродинамических испытаний.\r\n\r\n### 2. Оснастка и инструментальная оснастка\r\nНа принтере создают:\r\n\r\nшаблоны сборки, направляющие, приспособления;\r\n\r\nкрепления для датчиков и камер;\r\n\r\nручные и пневматические инструменты.\r\n\r\n### 3. Детали для ремонта и кастомизации\r\nСервисные центры и тюнинг-ателье печатают:\r\n\r\nнестандартные заглушки, кронштейны, накладки;\r\n\r\nадаптеры для установок нестандартного оборудования;\r\n\r\nкастомные элементы под заказ.\r\n\r\n### Почему автопроизводители выбирают FDM\r\n- Скорость — от CAD до детали за 24–48 часов.\r\n- Экономия — снижение затрат на оснастку и R&D.\r\n- Гибкость — легко переключаться между проектами и материалами.\r\n- Прототипирование на уровне конвейера — ускорение вывода продукта на рынок.\r\n\r\n### Какие материалы используют в автопроме\r\n- ABS, ASA — для прочных визуальных прототипов.\r\n- PA12 CF / GF, PC — инженерные и термостойкие материалы.\r\n- TPU — гибкие элементы, уплотнители, демпферы.\r\n- PETG — ударопрочные прозрачные изделия.\r\n\r\n### Примеры применения\r\n- BMW печатает более 100 000 деталей в год: от креплений до сборочной оснастки.\r\n- Ford использует FDM для разработки эргономичного инструмента в сборочных зонах.\r\n- Porsche предлагает клиентам кастомные напечатанные элементы интерьера и отделки.\r\n\r\n### Принтер Protype — промышленное решение для автопроизводителей и R&D-отделов\r\nНаша система создана с учётом реальных требований автопрома:\r\n- Закрытая активная термокамера — стабильно печатает PC, PA-CF, TPU;\r\n- Сменные головки — быстрое переключение между мягкими и жёсткими материалами;\r\n- Каскадная подача филамента — печать без остановки;\r\n- HEPA-фильтрация — безопасна для установки в офисе или лаборатории.\r\n\r\n### Хотите протестировать на своих проектах?\r\nОставьте заявку на демо — мы привезём, установим и запустим принтер прямо у вас.",
    "image": "",
    "is_published": true,
    "published_at": "2025-10-06T19:14:36.300Z",
    "sort_order": 0,
    "related_item": 14
  }
},
{
  "model": "pages.applicationarticle",
  "pk": 4,
  "fields": {
    "created_at": "2025-10-06T19:24:33.633Z",
    "updated_at": "2025-10-06T19:24:33.633Z",
    "title": "Как 3D-принтеры меняют образование: FDM-печать на уроках, в вузах и лабораториях",
    "slug": "kak-3d-printery-menyayut-obrazovanie-fdm-pechat-na-urokah-v-vuzah-i-laboratoriyah",
    "preview": "Современное образование всё больше ориентируется на практическое обучение. 3D-печать по технологии FDM (Fused Deposition Modeling) становится мощным инструментом для школ, колледжей, университетов и STEM-центров, позволяя ученикам создавать реальные объекты из своих идей.",
    "body": "## От теории к практике — в один клик\r\nСовременное образование всё больше ориентируется на практическое обучение. 3D-печать по технологии FDM (Fused Deposition Modeling) становится мощным инструментом для школ, колледжей, университетов и STEM-центров, позволяя ученикам создавать реальные объекты из своих идей.\r\n\r\n### Где применяется 3D-печать в образовательном процессе\r\n#### 1 Уроки технологии, физики и химии\r\nУченики могут:\r\n- печатать молекулы, кристаллические решётки, модели атомов;\r\n- изучать законы механики через напечатанные конструкции;\r\n- визуализировать геометрию и стереометрию.\r\n\r\n#### 2 Вузы и исследовательские лаборатории\r\nСтуденты создают:\r\n- макеты органов, микроструктур, ДНК;\r\n- детали для роботов, турбин и дронов;\r\n- прототипы инженерных разработок и дизайн-концептов.\r\n\r\n#### 3 Курсы по робототехнике и инженерии\r\n3D-принтер позволяет:\r\n- быстро создавать корпуса, держатели, шестерни;\r\n- учить детей работать с CAD и прототипами;\r\n- формировать навыки современного цифрового производства.\r\n\r\n#### Почему FDM идеален для образования\r\n- Простой интерфейс — дети могут печатать сами после минимального обучения;\r\n- Широкий выбор материалов — от простого PLA до инженерных пластмасс;\r\n- Безопасность — закрытые камеры, фильтры воздуха, тихая работа;\r\n- Визуальный вау-эффект — учёба становится настоящим исследованием.\r\n\r\n“Когда ребёнок сам собирает 3D-модель, запускает печать и держит результат в руках — это уже не просто урок. Это опыт.” — преподаватель STEM-центра\r\n\r\n#### Что печатают в учебных заведениях\r\n- модели органов, клеток, вирусов;\r\n- шестерни, подшипники, механизмы;\r\n- архитектурные макеты и памятники;\r\n- скелеты динозавров;\r\n- собственные изобретения учеников.\r\n\r\n#### Образование, которое вдохновляет\r\n3D-печать помогает раскрывать талант, учить командной работе, развивать критическое мышление и любовь к науке. Это не просто технология — это мост между поколениями инженеров, учёных и дизайнеров.\r\n\r\n#### Protype: 3D-принтер, созданный для учебных задач\r\nПринтер Protype легко встраивается в учебный процесс:\r\n- Интегрированный моноблок — можно печатать без отдельного компьютера.\r\n- Световая индикация — видно издалека, когда принтер занят или готов.\r\n- HEPA-фильтрация — безопасен для детей и персонала.\r\n- Простая автокалибровка — не требует специальной подготовки.\r\n- Автоматическая смена филамента — удобно для уроков и сменных классов.\r\n\r\n#### Хотите внедрить 3D-печать в своё учреждение?\r\nОставьте заявку — мы проведём демонстрацию и подберём конфигурацию под ваш формат.",
    "image": "",
    "is_published": true,
    "published_at": "2025-10-06T19:24:33.633Z",
    "sort_order": 0,
    "related_item": 15
  }
},
{
  "model": "pages.applicationarticle",
  "pk": 5,
  "fields": {
    "created_at": "2025-10-06T19:31:38.132Z",
    "updated_at": "2025-10-06T19:31:38.132Z",
    "title": "3D-печать в авиации: как FDM-технология меняет аэрокосмическую промышленность",
    "slug": "3d-pechat-v-aviacii-kak-fdm-tehnologiya-menyaet-aerokosmicheskuyu-promyshlennost",
    "preview": "Аэрокосмическая отрасль — одна из самых требовательных в мире. Минимальный вес, максимальная прочность, устойчивость к нагрузкам и температуре — всё это критически важно. FDM 3D-печать (Fused Deposition Modeling) стала ключевым инструментом, позволяющим решать инженерные задачи быстрее, дешевле и гибче.",
    "body": "## Почему авиация выбирает FDM 3D-принтеры\r\n\r\nАэрокосмическая отрасль — одна из самых требовательных в мире.  \r\nМинимальный вес, максимальная прочность, устойчивость к нагрузкам и температуре — всё это критически важно.  \r\n**FDM 3D-печать (Fused Deposition Modeling)** стала ключевым инструментом, позволяющим решать инженерные задачи быстрее, дешевле и гибче.\r\n\r\nС помощью FDM сегодня печатают:\r\n- функциональные прототипы и детали обтекателей;\r\n- вентиляционные каналы и заглушки;\r\n- инструменты и оснастку для сборки;\r\n- модели для аэродинамических испытаний.\r\n\r\n---\r\n\r\n## Преимущества FDM в авиастроении\r\n\r\n1. **Быстрая разработка прототипов**  \r\n   Инженеры могут печатать и тестировать детали уже на следующий день после проектирования. Это сокращает цикл разработки с месяцев до дней.\r\n\r\n2. **Производство функциональных деталей**  \r\n   Современные филаменты, такие как PA-CF, PEI (Ultem), PEEK, позволяют изготавливать прочные компоненты, выдерживающие вибрации, перегрузки и высокие температуры.\r\n\r\n3. **Экономия бюджета**  \r\n   Сравнение с традиционной механической обработкой показывает: FDM-метод дешевле в 3–10 раз для малых партий и уникальных деталей.\r\n\r\n4. **Адаптация под сборку**  \r\n   Можно напечатать нестандартные крепления, оснастку, шаблоны и держатели — под конкретную задачу. Без долгих ожиданий от подрядчиков.\r\n\r\n---\r\n\r\n## Какие материалы используют в авиации\r\n\r\n| Материал | Свойства |\r\n|----------|----------|\r\n| **PA12+CF, PA6+GF** | Армированные композиты, прочные и лёгкие |\r\n| **PEEK, PEI (Ultem)** | Термостойкие и химически инертные полимеры |\r\n| **TPU, TPE** | Для виброизоляции и гибких компонентов |\r\n\r\n---\r\n\r\n## Кейсы применения\r\n\r\n- **Airbus** применяет 3D-печать для производства более 1000 деталей в A350.  \r\n- **Boeing** печатает каналы кондиционирования и мелкие компоненты интерьера.  \r\n- **Университеты и стартапы** разрабатывают дроны и ракеты с полностью напечатанными корпусами.\r\n\r\n---\r\n\r\n## Почему это важно сейчас\r\n\r\nАвиастроение переходит от прототипирования к серийному производству с применением FDM.  \r\nЭто уже не просто тестовая технология — это полноценный инструмент в арсенале инженеров и производителей.\r\n\r\n---\r\n\r\n## Как выбрать промышленный FDM-принтер под авиационные задачи\r\n\r\nВыбирайте принтер, который:\r\n- работает с техническими и композиционными материалами;\r\n- имеет активную термокамеру для стабильной печати;\r\n- поддерживает автоматическую смену филамента;\r\n- оснащён двумя независимыми головками для многоматериальной печати;\r\n- позволяет печатать крупные и прочные изделия без деформаций.\r\n\r\n---\r\n\r\n## Решение от Protype: промышленный 3D-принтер нового поколения\r\n\r\nЕсли вы ищете профессиональный 3D-принтер для авиационной отрасли, мы создали именно такое решение.  \r\nНаша система оснащена активной термокамерой, независимыми головками, фильтрацией воздуха и поддержкой инженерных материалов.\r\n\r\n#### Оставьте заявку на пробный период — протестируйте наш принтер в ваших задачах, без риска и обязательств.",
    "image": "",
    "is_published": true,
    "published_at": "2025-10-06T19:31:38.132Z",
    "sort_order": 0,
    "related_item": 7
  }
},
{
  "model": "pages.applicationarticle",
  "pk": 6,
  "fields": {
    "created_at": "2025-10-06T19:35:30.195Z",
    "updated_at": "2025-10-06T19:37:15.111Z",
    "title": "3D-печать в нефтехимии: как FDM помогает производству работать без остановок",
    "slug": "3d-pechat-v-neftehimii-kak-fdm-pomogaet-proizvodstvu-rabotat-bez-ostanovok",
    "preview": "В нефтегазовой отрасли простой оборудования может стоить миллионы. Именно поэтому всё больше предприятий внедряют FDM 3D-принтеры для быстрого производства деталей, ремонта и прототипирования прямо на месте — без задержек и без внешних подрядчиков.",
    "body": "# 3D-печать в нефтехимии: как FDM помогает производству работать без остановок\r\n\r\n&gt; Когда каждая минута стоит дорого  \r\n&gt; В нефтегазовой отрасли простой оборудования может стоить миллионы. Именно поэтому всё больше предприятий внедряют FDM 3D-принтеры для быстрого производства деталей, ремонта и прототипирования прямо на месте — без задержек и без внешних подрядчиков.\r\n\r\n---\r\n\r\n## Как применяется FDM-печать в нефтехимии\r\n\r\n### 1. Быстрый ремонт и замена компонентов\r\n3D-принтер позволяет:\r\n- срочно напечатать нестандартную прокладку, крышку, кожух;\r\n- заменить корпус или элемент системы крепления;\r\n- адаптировать компоненты под оборудование, снятое с производства.\r\n\r\n&gt; На нефтеперерабатывающем заводе в США напечатанные детали помогли устранить утечку менее чем за 4 часа — без вызова подрядчика.\r\n\r\n### 2. Производственная оснастка\r\nПечатают:\r\n- шаблоны для маркировки труб и резервуаров;\r\n- нестандартные крепления и фиксаторы;\r\n- монтажные элементы и адаптеры для датчиков и кабелей.\r\n\r\n### 3. Научные лаборатории и НИОКР\r\nДля R&D отделов:\r\n- корпуса сенсоров и устройств контроля;\r\n- прототипы клапанов и микрофлюидных систем;\r\n- оснастка для испытаний химических реакций и смесей.\r\n\r\n---\r\n\r\n## Какие материалы подходят\r\n\r\n| Материал | Свойства |\r\n|----------|----------|\r\n| **PEEK, PEKK, PPSU** | Химически устойчивые, термостойкие полимеры |\r\n| **PC, PA12-CF, GF-ABS** | Прочные инженерные материалы |\r\n| **TPU** | Гибкие, виброустойчивые компоненты |\r\n| **PETG** | Для визуализации и второстепенных задач |\r\n\r\n---\r\n\r\n## Преимущества FDM-печати в нефтехимии\r\n\r\n- Сокращение времени на ремонт — печать прямо на объекте  \r\n- Снижение затрат на логистику и хранение  \r\n- Адаптация под нестандартное оборудование  \r\n- Минимизация простоев и потерь на производстве  \r\n\r\n---\r\n\r\n## Международный опыт\r\n\r\n- **Shell** внедряет 3D-принтеры в инженерные центры и морские платформы  \r\n- **Saudi Aramco** использует FDM для подготовки R&D-прототипов  \r\n- **ExxonMobil** печатает ремонтные компоненты и оснастку локально  \r\n\r\n---\r\n\r\n## Protype — промышленный 3D-принтер для нефтехимии и тяжёлых условий\r\n\r\nСоздан для задач, где важна надёжность, химическая устойчивость и точность:\r\n- Поддержка инженерных материалов — PA-CF, PC, PEEK, GF  \r\n- Активная термокамера — стабильная печать без деформаций  \r\n- Модуль фильтрации — безопасная эксплуатация в помещениях  \r\n- Автоматическая смена филамента — для непрерывного процесса  \r\n\r\n### Мы предлагаем тестовую установку на объекте  \r\n\r\nПротестируйте возможности Protype на ваших задачах.",
    "image": "",
    "is_published": true,
    "published_at": "2025-10-06T19:35:30.195Z",
    "sort_order": 0,
    "related_item": 8
  }
},
{
  "model": "pages.applicationarticle",
  "pk": 7,
  "fields": {
    "created_at": "2025-10-06T19:42:02.519Z",
    "updated_at": "2025-10-06T19:42:02.519Z",
    "title": "3D-печать в судостроении: как FDM помогает создавать и ремонтировать прямо на борту",
    "slug": "3d-pechat-v-sudostroenii-kak-fdm-pomogaet-sozdavat-i-remontirovat-pryamo-na-bortu",
    "preview": "Судостроение — это отрасль с жёсткими допусками, высоким износом оборудования и удалённостью от поставщиков. В таких условиях FDM 3D-печать становится критически важной технологией: от прототипов и оснастки до аварийного ремонта в открытом море.",
    "body": "# 3D-печать в судостроении: как FDM помогает создавать и ремонтировать прямо на борту\r\n\r\n&gt; Когда производство выходит в море  \r\n&gt; Судостроение — это отрасль с жёсткими допусками, высоким износом оборудования и удалённостью от поставщиков. В таких условиях FDM 3D-печать становится критически важной технологией: от прототипов и оснастки до аварийного ремонта в открытом море.\r\n\r\n---\r\n\r\n## Как FDM-принтеры используются в морской индустрии\r\n\r\n### 1. Сервис и техобслуживание\r\nСуда печатают:\r\n- заглушки, крепления, кожухи и уплотнители;\r\n- элементы вентиляции, освещения, кабель-каналов;\r\n- ручки, держатели, кнопки, декоративные вставки.\r\n\r\n&gt; Корабли ВМФ и гражданского флота оснащаются принтерами для быстрой замены деталей — без необходимости ожидания поставки с берега.\r\n\r\n### 2. Инженерная оснастка и сборочные шаблоны\r\nВ судостроительных цехах FDM-принтеры производят:\r\n- монтажные направляющие;\r\n- шаблоны для сверления и сварки;\r\n- кастомные держатели инструментов.\r\n\r\n### 3. Прототипы и макеты\r\nПри проектировании корпусов и систем:\r\n- печатаются модели и узлы для аэродинамических и гидродинамических тестов;\r\n- создаются масштабные демонстрационные макеты.\r\n\r\n---\r\n\r\n## Почему FDM — идеален для морской отрасли\r\n\r\n- **Мобильность** — принтер можно установить прямо на борту  \r\n- **Гибкость** — быстрая реакция на поломки и изменения  \r\n- **Сокращение простоев** — детали печатаются за часы, не недели  \r\n- **Экономия** — особенно при нестандартных или устаревших деталях  \r\n\r\n---\r\n\r\n## Материалы, применяемые в судостроении\r\n\r\n| Материал | Назначение |\r\n|----------|------------|\r\n| **ABS-GF, PC, PA12 CF** | Прочные, жёсткие, устойчивы к коррозии |\r\n| **TPU, TPE** | Гибкие уплотнения и демпфирующие элементы |\r\n| **PETG, ASA** | УФ-стойкие для внешнего применения |\r\n| **PEEK, PPSU** | Химстойкие, для топливных и гидравлических систем (под заказ) |\r\n\r\n---\r\n\r\n## Примеры использования\r\n\r\n- **Royal Navy** печатает детали на борту в море  \r\n- **Thyssenkrupp Marine Systems** внедрила FDM в процессы сборки  \r\n- **Port Authorities** печатают детали швартовки и охранной инфраструктуры  \r\n\r\n---\r\n\r\n## Protype — промышленный 3D-принтер для судостроения и морских задач\r\n\r\nСпроектирован для тяжёлых условий эксплуатации:\r\n- **Термокамера и фильтрация** — стабильная печать в морском климате  \r\n- **Две независимые головки** — для жёстких и гибких материалов  \r\n- **Автоматическая смена филамента** — надёжность в автономном режиме  \r\n- **Модуль очистки сопел** — минимизация обслуживания на борту  \r\n\r\n### Оставьте заявку на тест — мы покажем, как Protype может работать у вас в доке, на производстве или даже в море",
    "image": "",
    "is_published": true,
    "published_at": "2025-10-06T19:42:02.519Z",
    "sort_order": 0,
    "related_item": 9
  }
},
{
  "model": "pages.applicationarticle",
  "pk": 8,
  "fields": {
    "created_at": "2025-10-06T19:47:06.400Z",
    "updated_at": "2025-10-06T19:47:06.400Z",
    "title": "3D-печать в электронике и приборостроении: от идеи до корпуса за сутки",
    "slug": "3d-pechat-v-elektronike-i-priborostroenii-ot-idei-do-korpusa-za-sutki",
    "preview": "Разработка электроники — это мир быстрых итераций. Новые платы, сенсоры, корпуса и нестандартные интерфейсы требуют быстрой и точной адаптации. Именно поэтому FDM 3D-печать стала неотъемлемой частью R&D, НИОКР и малосерийного производства в этой отрасли.",
    "body": "# 3D-печать в электронике и приборостроении: от идеи до корпуса за сутки\r\n\r\n&gt; Современные устройства требуют гибкости  \r\n&gt; Разработка электроники — это мир быстрых итераций. Новые платы, сенсоры, корпуса и нестандартные интерфейсы требуют быстрой и точной адаптации. Именно поэтому FDM 3D-печать стала неотъемлемой частью R&D, НИОКР и малосерийного производства в этой отрасли.\r\n\r\n---\r\n\r\n## Где применяется 3D-печать в электронике и приборостроении\r\n\r\n### 1. Корпуса и оболочки устройств\r\nПечатают:\r\n- кастомные корпуса для микроконтроллеров, сенсоров, дисплеев;\r\n- радиаторы и кожухи под нестандартные платы;\r\n- модульные сборки с защёлками, вентиляцией и маркировкой.\r\n\r\n### 2. Фиксаторы и держатели\r\nСоздают:\r\n- держатели плат и компонентов для пайки и сборки;\r\n- органайзеры для сборочных линий;\r\n- стойки для тестов, юстировки и замеров.\r\n\r\n### 3. Малосерийное производство\r\nFDM подходит для:\r\n- производства изделий под заказ и малых партий;\r\n- быстрой адаптации изделий под клиента;\r\n- кастомизации устройств без переоснастки.\r\n\r\n---\r\n\r\n## Преимущества FDM в разработке электроники\r\n\r\n- Итерации за часы, не недели  \r\n- Высокая адаптивность под любую плату или сенсор  \r\n- Снижение стоимости на разработку и тестирование  \r\n- Быстрый переход от прототипа к готовому изделию  \r\n\r\n&gt; «Мы сократили цикл от идеи до финального корпуса с 3 недель до 2 дней благодаря FDM-печати»  \r\n&gt; — инженер-разработчик IoT-устройств\r\n\r\n---\r\n\r\n## Какие материалы используют\r\n\r\n| Материал | Назначение |\r\n|----------|------------|\r\n| **ABS, ASA, PETG** | Корпуса с хорошей ударопрочностью |\r\n| **PC, PC-ABS** | Термостойкие и прочные оболочки |\r\n| **TPU** | Амортизирующие и гибкие элементы |\r\n| **ESD-пластики** | Защита от электростатических разрядов |\r\n\r\n---\r\n\r\n## Реальные кейсы\r\n\r\n- Производители умного дома печатают тестовые корпуса и крепления к стене  \r\n- Медтех делает корпуса для портативной диагностики  \r\n- Академические лаборатории печатают установки для экспериментов и испытаний  \r\n\r\n---\r\n\r\n## Protype — FDM-принтер для современной электроники\r\n\r\nИдеален для стартапов, НИОКР, производственных инженеров и интеграторов:\r\n- Интегрированный слайсер и экран — настройка без внешнего ПК  \r\n- Фильтрация воздуха (HEPA) — безопасен в офисе или лаборатории  \r\n- Две независимые головы — можно печатать гибкие и жёсткие материалы одновременно  \r\n- Автоматическая смена филамента — подходит для серийной печати  \r\n\r\n### Хотите ускорить прототипирование и запуск новых устройств?  \r\nОставьте заявку — мы покажем, как Protype может изменить ваш подход к разработке.",
    "image": "",
    "is_published": true,
    "published_at": "2025-10-06T19:47:06.400Z",
    "sort_order": 0,
    "related_item": 10
  }
},
{
  "model": "pages.applicationarticle",
  "pk": 9,
  "fields": {
    "created_at": "2025-10-06T19:51:53.868Z",
    "updated_at": "2025-10-06T19:51:53.868Z",
    "title": "3D-печать в автопроме: как FDM-технология ускоряет разработку и производство авто",
    "slug": "3d-pechat-v-avtoprome-kak-fdm-tehnologiya-uskoryaet-razrabotku-i-proizvodstvo-avto",
    "preview": "Автомобильная отрасль — это вечная гонка: за скоростью, надёжностью и инновациями. Сегодня производители всё активнее внедряют FDM 3D-печать в свои конвейеры и исследовательские центры, чтобы ускорить разработку и снизить затраты.",
    "body": "```markdown\r\n# 3D-печать в автопроме: как FDM-технология ускоряет разработку и производство автомобилей\r\n\r\n> От идеи — к детали за сутки  \r\n> Автомобильная отрасль — это вечная гонка: за скоростью, надёжностью и инновациями. Сегодня производители всё активнее внедряют FDM 3D-печать в свои конвейеры и исследовательские центры, чтобы ускорить разработку и снизить затраты.\r\n\r\n---\r\n\r\n## Где используется FDM-печать в автопроме\r\n\r\n### 1. Прототипы и предсерийные образцы\r\nИнженеры печатают:\r\n- корпуса фар, зеркал и воздухозаборников;\r\n- интерьерные элементы — панели, держатели;\r\n- компоненты для аэродинамических испытаний.\r\n\r\n### 2. Оснастка и инструментальная оснастка\r\nНа принтере создают:\r\n- шаблоны сборки, направляющие, приспособления;\r\n- крепления для датчиков и камер;\r\n- ручные и пневматические инструменты.\r\n\r\n### 3. Детали для ремонта и кастомизации\r\nСервисные центры и тюнинг-ателье печатают:\r\n- нестандартные заглушки, кронштейны, накладки;\r\n- адаптеры для установок нестандартного оборудования;\r\n- кастомные элементы под заказ.\r\n\r\n---\r\n\r\n## Почему автопроизводители выбирают FDM\r\n\r\n- **Скорость** — от CAD до детали за 24–48 часов  \r\n- **Экономия** — снижение затрат на оснастку и R&D  \r\n- **Гибкость** — легко переключаться между проектами и материалами  \r\n- **Прототипирование на уровне конвейера** — ускорение вывода продукта на рынок  \r\n\r\n---\r\n\r\n## Какие материалы используют в автопроме\r\n\r\n| Материал | Назначение |\r\n|----------|------------|\r\n| **ABS, ASA** | Прочные визуальные прототипы |\r\n| **PA12 CF / GF, PC** | Инженерные и термостойкие материалы |\r\n| **TPU** | Гибкие элементы, уплотнители, демпферы |\r\n| **PETG** | Ударопрочные прозрачные изделия |\r\n\r\n---\r\n\r\n## Примеры применения\r\n\r\n- **BMW** печатает более 100 000 деталей в год: от креплений до сборочной оснастки  \r\n- **Ford** использует FDM для разработки эргономичного инструмента в сборочных зонах  \r\n- **Porsche** предлагает клиентам кастомные напечатанные элементы интерьера и отделки  \r\n\r\n---\r\n\r\n## Принтер Protype — промышленное решение для автопроизводителей и R&D-отделов\r\n\r\nНаша система создана с учётом реальных требований автопрома:\r\n- **Закрытая активная термокамера** — стабильно печатает PC, PA-CF, TPU  \r\n- **Сменные головки** — быстрое переключение между мягкими и жёсткими материалами  \r\n- **Каскадная подача филамента** — печать без остановки  \r\n- **HEPA-фильтрация** — безопасна для установки в офисе или лаборатории  \r\n\r\n### Хотите протестировать на своих проектах?  \r\nОставьте заявку на демо — мы привезём, установим и запустим принтер прямо у вас.",
    "image": "",
    "is_published": true,
    "published_at": "2025-10-06T19:51:53.868Z",
    "sort_order": 0,
    "related_item": 11
  }
},
{
  "model": "pages.service",
  "pk": 1,
  "fields": {
    "created_at": "2025-08-28T09:48:44.037Z",
    "updated_at": "2025-10-06T20:05:51.282Z",
    "service_type": "implementation",
    "title": "",
    "sort_order": 0
  }
},
{
  "model": "pages.service",
  "pk": 2,
  "fields": {
    "created_at": "2025-08-28T09:54:14.807Z",
    "updated_at": "2025-08-28T09:54:14.807Z",
    "service_type": "custom_equipment",
    "title": "",
    "sort_order": 0
  }
},
{
  "model": "pages.serviceroadmapitem",
  "pk": 1,
  "fields": {
    "created_at": "2025-08-28T09:48:44.041Z",
    "updated_at": "2025-08-28T09:48:44.041Z",
    "service": 1,
    "text": "Выезд специалиста",
    "sort_order": 0
  }
},
{
  "model": "pages.serviceroadmapitem",
  "pk": 2,
  "fields": {
    "created_at": "2025-08-28T09:48:44.042Z",
    "updated_at": "2025-08-28T09:48:44.042Z",
    "service": 1,
    "text": "Анализ ваших потребностей",
    "sort_order": 0
  }
},
{
  "model": "pages.serviceroadmapitem",
  "pk": 3,
  "fields": {
    "created_at": "2025-08-28T09:48:44.043Z",
    "updated_at": "2025-08-28T09:48:44.043Z",
    "service": 1,
    "text": "Расчёт окупаемости",
    "sort_order": 0
  }
},
{
  "model": "pages.serviceroadmapitem",
  "pk": 4,
  "fields": {
    "created_at": "2025-08-28T09:48:44.043Z",
    "updated_at": "2025-08-28T09:48:44.043Z",
    "service": 1,
    "text": "Подбор оборудования и расходных материалов",
    "sort_order": 0
  }
},
{
  "model": "pages.serviceroadmapitem",
  "pk": 5,
  "fields": {
    "created_at": "2025-08-28T09:48:44.043Z",
    "updated_at": "2025-08-28T09:48:44.043Z",
    "service": 1,
    "text": "Интеграция в процессы",
    "sort_order": 0
  }
},
{
  "model": "pages.serviceroadmapitem",
  "pk": 6,
  "fields": {
    "created_at": "2025-08-28T09:48:44.044Z",
    "updated_at": "2025-08-28T09:48:44.044Z",
    "service": 1,
    "text": "Поддержка и сервис",
    "sort_order": 0
  }
},
{
  "model": "pages.serviceroadmapitem",
  "pk": 7,
  "fields": {
    "created_at": "2025-08-28T09:54:14.811Z",
    "updated_at": "2025-08-28T09:54:14.811Z",
    "service": 2,
    "text": "Выезд специалиста",
    "sort_order": 0
  }
},
{
  "model": "pages.serviceroadmapitem",
  "pk": 8,
  "fields": {
    "created_at": "2025-08-28T09:54:14.814Z",
    "updated_at": "2025-08-28T09:54:14.814Z",
    "service": 2,
    "text": "Анализ ваших потребностей",
    "sort_order": 0
  }
},
{
  "model": "pages.serviceroadmapitem",
  "pk": 9,
  "fields": {
    "created_at": "2025-08-28T09:54:14.814Z",
    "updated_at": "2025-08-28T09:54:14.814Z",
    "service": 2,
    "text": "Расчет окупаемости",
    "sort_order": 0
  }
},
{
  "model": "pages.serviceroadmapitem",
  "pk": 10,
  "fields": {
    "created_at": "2025-08-28T09:54:14.814Z",
    "updated_at": "2025-08-28T09:54:14.814Z",
    "service": 2,
    "text": "Подбор оборудования и расходных материалов",
    "sort_order": 0
  }
},
{
  "model": "pages.serviceroadmapitem",
  "pk": 11,
  "fields": {
    "created_at": "2025-08-28T09:54:14.815Z",
    "updated_at": "2025-08-28T09:54:14.815Z",
    "service": 2,
    "text": "Интеграция в процессы",
    "sort_order": 0
  }
},
{
  "model": "pages.serviceroadmapitem",
  "pk": 12,
  "fields": {
    "created_at": "2025-08-28T09:54:14.816Z",
    "updated_at": "2025-08-28T09:54:14.816Z",
    "service": 2,
    "text": "Поддержка и сервис",
    "sort_order": 0
  }
},
{
  "model": "pages.serviceofferitem",
  "pk": 1,
  "fields": {
    "created_at": "2025-08-28T09:48:44.044Z",
    "updated_at": "2025-08-28T09:48:44.044Z",
    "service": 1,
    "text": "Подбор оптимального оборудования",
    "sort_order": 0
  }
},
{
  "model": "pages.serviceofferitem",
  "pk": 2,
  "fields": {
    "created_at": "2025-08-28T09:48:44.044Z",
    "updated_at": "2025-08-28T09:48:44.044Z",
    "service": 1,
    "text": "Аудит текущего производства",
    "sort_order": 0
  }
},
{
  "model": "pages.serviceofferitem",
  "pk": 3,
  "fields": {
    "created_at": "2025-08-28T09:48:44.044Z",
    "updated_at": "2025-08-28T09:48:44.044Z",
    "service": 1,
    "text": "Настройка обучение и сопровождение",
    "sort_order": 0
  }
},
{
  "model": "pages.serviceofferitem",
  "pk": 4,
  "fields": {
    "created_at": "2025-08-28T09:54:14.816Z",
    "updated_at": "2025-08-28T09:54:14.817Z",
    "service": 2,
    "text": "Подбор оптимального оборудования",
    "sort_order": 0
  }
},
{
  "model": "pages.serviceofferitem",
  "pk": 5,
  "fields": {
    "created_at": "2025-08-28T09:54:14.817Z",
    "updated_at": "2025-08-28T09:54:14.817Z",
    "service": 2,
    "text": "Аудит текущего производства",
    "sort_order": 0
  }
},
{
  "model": "pages.serviceofferitem",
  "pk": 6,
  "fields": {
    "created_at": "2025-08-28T09:54:14.818Z",
    "updated_at": "2025-08-28T09:54:14.818Z",
    "service": 2,
    "text": "Настройка обучения и сопровождения",
    "sort_order": 0
  }
},
{
  "model": "equipment.category",
  "pk": 4,
  "fields": {
    "created_at": "2025-09-19T14:14:31.070Z",
    "updated_at": "2025-09-19T14:14:31.070Z",
    "name": "Принтеры",
    "slug": "printery"
  }
},
{
  "model": "equipment.category",
  "pk": 5,
  "fields": {
    "created_at": "2025-09-19T17:19:00.366Z",
    "updated_at": "2025-09-19T17:19:00.366Z",
    "name": "Сушильные шкафы",
    "slug": "sushilnye-shkafy"
  }
},
{
  "model": "equipment.product",
  "pk": 1,
  "fields": {
    "created_at": "2025-09-19T17:07:52.940Z",
    "updated_at": "2025-09-24T18:43:34.909Z",
    "icon": 16,
    "category": 4,
    "name": "CD400",
    "slug": "cd400",
    "tagline": "Принтер для серийной печати композитами",
    "description": "Все композиты из модели CD400 + РЕЕК, РЕКК, ULTEM и другие композиты с температурой печати до 520 °C.\r\nАктивная термокамера до 150 °С позволяет стабильно печатать детали больших габаритов.\r\nАктивная термокамера до 90 °C позволяет стабильно печатать детали больших габаритов.",
    "image": "equipment/CD400_BaBbl50.png",
    "is_published": true,
    "price": 0,
    "volume_construction": "400 × 400 × 400 мм",
    "extruders_count": "2 независимых экструдера IDEX (до 320 °C)",
    "bed_max_temp": 150,
    "layer_thickness": "0,05 – 0,75 мм",
    "filament_diameter": "0,3 – 1,2 мм (0,4 мм в комплекте)",
    "print_speed": "до 300 мм/с",
    "positioning_accuracy": "5 µm / 2 µm",
    "surface_of_site": "Закаленное стекло",
    "control": "Сенсорный  экран 22″, LAN, Wi‑Fi",
    "software": "ProtypeOS",
    "dimensions": "1 900×770×920 мм",
    "weight": "380 кг",
    "energy_consumption": "4500Вт макс.",
    "materials": "PLA, ABS, ABS-CF, HIPS, TPU, PET-G, PA-6, PA-11, PA-66, PA-12, PA-CF, PC-ABS, TPU, CARBEX, ULTRAN",
    "guarantee": "12 месяцев",
    "power_supply": "220 В ± 9 %, 50 Гц",
    "additionally": "Автовыравнивание стола; датчик филамента; автоматическая смена филамента; Камера; Автоматическая чистка сопла",
    "purpose": "",
    "heating_type": "",
    "capacity_spools": 12,
    "humidity_and_temperature": "",
    "power_consumption": "",
    "noise_level": "",
    "integration": "",
    "compressed_air": "",
    "product_type": "printer",
    "sort_order": 0
  }
},
{
  "model": "equipment.product",
  "pk": 2,
  "fields": {
    "created_at": "2025-09-19T17:17:06.394Z",
    "updated_at": "2025-09-19T17:17:06.394Z",
    "icon": 15,
    "category": 4,
    "name": "CD400HT",
    "slug": "cd400ht",
    "tagline": "Принтер печати высокотемпературными композитами",
    "description": "Все композиты из модели CD400 + РЕЕК, РЕКК, ULTEM и другие композиты с температурой печати до 520 °C.\r\nАктивная термокамера до 150 °С позволяет стабильно печатать детали больших габаритов.\r\nАктивная термокамера до 90 °C позволяет стабильно печатать детали больших габаритов.",
    "image": "equipment/CD400HT_3u7AYlV.png",
    "is_published": true,
    "price": 0,
    "volume_construction": "350 × 350 × 400 мм",
    "extruders_count": "2 независимых экструдера IDEX (до 550 °C)",
    "bed_max_temp": 150,
    "layer_thickness": "0,05 – 0,75 мм",
    "filament_diameter": "0,3 – 1,2 мм (0,4 мм в комплекте)",
    "print_speed": "до 300 мм/с",
    "positioning_accuracy": "5 µm / 2 µm",
    "surface_of_site": "Закаленное стекло",
    "control": "Сенсорный экран 22″, LAN, Wi‑Fi",
    "software": "ProtypeOS",
    "dimensions": "1 900×770×920 мм",
    "weight": "380 кг",
    "energy_consumption": "4500Вт макс.",
    "materials": "PLA, ABS, ABS-CF, HIPS, TPU, PET-G, PA-6, PA-11, PA-66, PA-12, PA-CF, PC-ABS, TPU, CARBEX, ULTRAN, PEEK, PEKK, ULTEM",
    "guarantee": "12 месяцев",
    "power_supply": "220 В ± 9 %, 50 Гц, 4 500 Вт Макс.",
    "additionally": "Автовыравнивание стола; датчик филамента; автоматическая смена филамента; Камера; Автоматическая чистка сопла;",
    "purpose": "",
    "heating_type": "",
    "capacity_spools": 0,
    "humidity_and_temperature": "",
    "power_consumption": "",
    "noise_level": "",
    "integration": "",
    "compressed_air": "",
    "product_type": "printer",
    "sort_order": 0
  }
},
{
  "model": "equipment.product",
  "pk": 3,
  "fields": {
    "created_at": "2025-09-19T17:39:35.482Z",
    "updated_at": "2025-09-19T17:39:35.482Z",
    "icon": 17,
    "category": 5,
    "name": "FILO",
    "slug": "filo",
    "tagline": "Индустриальный сушильный шкаф",
    "description": "Равномерная сушка до 12 катушек \r\nпо 3 килограмма.\r\nЗакрытая система с термостатом и активной вентиляцией.\r\nИдеален для высокотемпературных и гигроскопичных пластиков - от PETG до РЕЕК и ULTEM",
    "image": "equipment/FILO.png",
    "is_published": true,
    "price": 0,
    "volume_construction": "",
    "extruders_count": "",
    "bed_max_temp": null,
    "layer_thickness": "",
    "filament_diameter": "",
    "print_speed": "",
    "positioning_accuracy": "",
    "surface_of_site": "",
    "control": "Сенсорный экран 22″, LAN, Wi‑Fi",
    "software": "",
    "dimensions": "1150 × 800 × 1950 мм",
    "weight": "310 кг",
    "energy_consumption": "",
    "materials": "",
    "guarantee": "12 месяцев",
    "power_supply": "",
    "additionally": "",
    "purpose": "Подходит для непрерывного производства и ферм с несколькими принтерами",
    "heating_type": "Однородный нагрев, замкнутый контур с осушителем",
    "capacity_spools": 12,
    "humidity_and_temperature": "Стабильная влажность до 0.5–1%, температура до 100 °C",
    "power_consumption": "3 кВт",
    "noise_level": "Менее 60 дБ",
    "integration": "Совместимость с ProType, подключение до 3 CD400 или CD400HT",
    "compressed_air": "Не требуется",
    "product_type": "dryer",
    "sort_order": 0
  }
},
{
  "model": "equipment.productimage",
  "pk": 3,
  "fields": {
    "created_at": "2025-09-24T18:43:34.914Z",
    "updated_at": "2025-09-24T18:43:34.914Z",
    "product": 1,
    "image": "equipment/gallery/CD400_CTzdhgz.png",
    "alt": "",
    "sort_order": 0
  }
},
{
  "model": "blog.post",
  "pk": 1,
  "fields": {
    "created_at": "2025-08-19T20:50:16.911Z",
    "updated_at": "2025-08-19T21:01:00.891Z",
    "title": "Принтер",
    "slug": "printer",
    "preview": "«Новый 3D-принтер HUB42-X1 открывает эру быстрой и недорогой индустриальной печати. Узнайте, как он справляется с алюминиевыми сплавами и какие отрасли уже экономят миллионы.»",
    "body": "Принтер HUB42 - X1",
    "status": "published",
    "published_at": "2025-08-19T20:47:55Z",
    "meta_description": "Обзор нового 3D-принтера HUB42-X1: скорость 200 мм/с, точность ±0.05 мм, цена от 250 000 ₽. Подробности внутри!"
  }
},
{
  "model": "requests.leadsource",
  "pk": 1,
  "fields": {
    "name": "Соцсети"
  }
},
{
  "model": "requests.leadsource",
  "pk": 2,
  "fields": {
    "name": "От друга"
  }
},
{
  "model": "requests.leadsource",
  "pk": 3,
  "fields": {
    "name": "Реклама"
  }
},
{
  "model": "requests.leadsource",
  "pk": 4,
  "fields": {
    "name": "Радио"
  }
},
{
  "model": "requests.contactrequest",
  "pk": 1,
  "fields": {
    "created_at": "2025-09-25T15:44:16.365Z",
    "updated_at": "2025-09-25T15:44:16.365Z",
    "name": "Test User",
    "email": "test@example.com",
    "phone": "+79991234567",
    "company": "OOO Romashka",
    "lead_source": null,
    "message": "I want printer",
    "is_processed": false
  }
},
{
  "model": "requests.contactrequest",
  "pk": 2,
  "fields": {
    "created_at": "2025-09-25T15:48:41.905Z",
    "updated_at": "2025-09-25T15:48:41.905Z",
    "name": "Test User",
    "email": "test@example.com",
    "phone": "+79991234567",
    "company": "OOO Romashka",
    "lead_source": null,
    "message": "I want printer",
    "is_processed": false
  }
}
]
